termMapName,version,sourceCode,sourceSystem,sourceDisplay,Condition,targetCode,targetSystem,targetDisplay,match,comment,author,Time
VF_AppointmentStatus,,C,,,,cancelled,,,,,,
VF_AppointmentStatus,,CA,,,,cancelled,,,,,,
VF_AppointmentStatus,,N,,,,noshow,,,,,,
VF_AppointmentStatus,,NA,,,,noshow,,,,,,
VF_AppointmentStatus,,PC,,,,cancelled,,,,,,
VF_AppointmentStatus,,PCA,,,,cancelled,,,,,,
VF_AppointmentStatus,,"I, NT, Null; Null check-in date (44.003-309), null check-out date (44.003-303)",,,,booked,,,,,,
VF_AppointmentStatus,,"I, NT, Null; Non-null check-in date (44.003-309), null check-out date (44.003-303)",,,,arrived,,,,,,
VF_AppointmentStatus,,"I, NT, Null; Non-null check-in date (44.003-309), non-null check-out date (44.003-303)",,,,fulfilled,,,,,,
VF_ethnicityCategory,1,,,*Unknown at this time*,,UNK,http://terminology.hl7.org/CodeSystem/v3-NullFlavor,,match,,,
VF_raceCategory,1,,,*Unknown at this time*,,UNK,http://terminology.hl7.org/CodeSystem/v3-NullFlavor,,match,,,
VF_deviceTypePacemaker,,A,,'A' FOR A LEAD;,,360129009,http://snomed.info/sct,Cardiac pacemaker lead (physical object),broader,A more specific SNOMED code will be requested for the VA Extension,,
VF_VitalsSite,1,4688633,,ABDOMINAL,,818983003,http://snomed.info/sct,Abdomen (body structure),match,,,
VF_ExamResultInterpretation,,A,http://va.gov/terminology/vistaDefinedElements/9000010.15-.04,Abnormal,,A,http://terminology.hl7.org/CodeSystem/v3-ObservationInterpretation,Abnormal,,,,
VF_ImageInterpretation,,A,,ABNORMAL,,A,http://hl7.org/fhir/ValueSet/observation-interpretation,Abnormal,match,,,
VF_documentReferencedocStatus,,4696298,,ACTIVE,,preliminary,,,,,,
VF_OutMedRequestStatus,0,0,http://va.gov/terminology/vistaDefinedTerms/52-100,ACTIVE,,active,http://hl7.org/fhir/ValueSet/medicationrequest-status,active,broader,,,
VF_OutMedRequestStatus,0,NULL,http://va.gov/terminology/vistaDefinedTerms/52-100,ACTIVE,,active,http://hl7.org/fhir/ValueSet/medicationrequest-status,active,broader,,,
VF_problemStatus,1,A,,ACTIVE,,active,http://terminology.hl7.org/CodeSystem/condition-clinical,,match,,,
VF_LocationStatus,,A,VAST,Active,,active,http://hl7.org/fhir/location-status,Active,match,,,
VF_VitalsMethod,1,4688634,,ACTUAL,,258104002,http://snomed.info/sct,Measured (qualifier value),match,,,
VF_VitalsDevice,1,4500641,,ADULT CUFF,,133936004,http://snomed.info/sct,Adult (person),match,,,
VF_Religion,,9,http://va.gov/terminology/vistaDefinedElements/2-.08,ADVENTIST,,1001,http://terminology.hl7.org/CodeSystem/v3-ReligiousAffiliation,Adventist,,,,
VF_VitalsDevice,1,4688635,,AEROSOL/HUMIDIFIED MASK,,426851007,http://snomed.info/sct,Aerosol oxygen mask (physical object),match,,,
VF_Religion,,32,http://va.gov/terminology/vistaDefinedElements/2-.08,AFRICAN RELIGIONS,,1002,http://terminology.hl7.org/CodeSystem/v3-ReligiousAffiliation,African Religions,,,,
VF_Religion,,33,http://va.gov/terminology/vistaDefinedElements/2-.08,AFRO-CARIBBEAN RELIGIONS,,1003,http://terminology.hl7.org/CodeSystem/v3-ReligiousAffiliation,Afro-Caribbean Religions,,,,
VF_VitalsMethod,1,4688702,,AFTER EXERCISE,,255214003,http://snomed.info/sct,After exercise (qualifier value),match,,,
VF_Religion,,34,http://va.gov/terminology/vistaDefinedElements/2-.08,AGNOSTICISM,,1004,http://terminology.hl7.org/CodeSystem/v3-ReligiousAffiliation,Agnosticism,,,,
VF_PractitionerCountry,,ALABAMA    ,,ALABAMA    ,,USA,,United States of America,,,,
VF_PractitionerCountry,,ALASKA    ,,ALASKA    ,,USA,,United States of America,,,,
VF_PractitionerCountry,,ALBERTA    ,,ALBERTA    ,,CAN,,Canada,,,,
VF_SourceOfAdmission,,1K,,ALL OTHER NON VA HOSP NOT UNDER VA AUSPICES,,hosp-trans,http://terminology.hl7.org/CodeSystem/admit-source,,broader,,,
VF_SourceOfAdmission,,4Y,,"ALL OTHER SOURCES, UNKNOWN OR NO INFO",,other,http://terminology.hl7.org/CodeSystem/admit-source,,broader,,,
VF_allergyMechanism,1,A,,ALLERGY,,allergy,http://hl7.org/fhir/allergy-intolerance-type,allergy,match,,,
VF_VitalsDevice,1,4688698,,AMBU BAG (BAG VALVE MASK) ,,371785003,http://snomed.info/sct,Ambu bag (physical object),match,,,
VF_documentReferencedocStatus,,4501286,,AMENDED,,amended,,,match,,,
VF_raceCategory,1,,,AMERICAN INDIAN OR ALASKA NATIVE,,1002-5,urn:oid:2.16.840.1.113883.6.238,,match,,,
VF_PractitionerCountry,,AMERICAN SAMOA    ,,AMERICAN SAMOA    ,,ASM,,American Samoa,,,,
VF_ImmunizationReaction,,9,http://va.gov/terminology/vistaDefinedElements/9000010.11-.06,ANAPHYLAXIS OR COLLAPSE,,293104008,http://snomed.info/sct,Adverse reaction to component of vaccine product (disorder),,,,
VF_Religion,,35,http://va.gov/terminology/vistaDefinedElements/2-.08,ANGLICAN,,1005,http://terminology.hl7.org/CodeSystem/v3-ReligiousAffiliation,Anglican,,,,
VF_Religion,,36,http://va.gov/terminology/vistaDefinedElements/2-.08,ANIMISM,,1006,http://terminology.hl7.org/CodeSystem/v3-ReligiousAffiliation,Animism,,,,
VF_VitalsSite,1,4688636,,ANKLE,No laterality,344001,http://snomed.info/sct,Ankle region structure (body structure),match,,,
VF_VitalsSite,1,4688636,,ANKLE,Laterality Left,51636004,http://snomed.info/sct,Structure of left ankle (body structure),match,,,
VF_VitalsSite,1,4688636,,ANKLE,Laterality Right,6685009,http://snomed.info/sct,Structure of right ankle (body structure),match,,,
VF_VitalsSite,1,4688637,,APICAL,,46707002,http://snomed.info/sct,Structure of precordium (body structure),match,,,
VF_PractitionerCountry,,ARIZONA    ,,ARIZONA    ,,USA,,United States of America,,,,
VF_PractitionerCountry,,ARKANSAS    ,,ARKANSAS    ,,USA,,United States of America,,,,
VF_PractitionerCountry,,"ARMED FORCES AF,EU,ME,CA    ",,"ARMED FORCES AF,EU,ME,CA    ",,USA,,United States of America,,,,
VF_PractitionerCountry,,ARMED FORCES AMER (EXC CANADA)    ,,ARMED FORCES AMER (EXC CANADA)    ,,USA,,United States of America,,,,
VF_PractitionerCountry,,ARMED FORCES PACIFIC    ,,ARMED FORCES PACIFIC    ,,USA,,United States of America,,,,
VF_VitalsDevice,1,4688701,,ARTERIAL LINE,,261241001,http://snomed.info/sct,Arterial line (physical object),match,,,
VF_ImmunizationReaction,,8,http://va.gov/terminology/vistaDefinedElements/9000010.11-.06,ARTHRITIS OR ARTHRALGIAS,,293104008,http://snomed.info/sct,Adverse reaction to component of vaccine product (disorder),,,,
VF_Religion,,83,http://va.gov/terminology/vistaDefinedElements/2-.08,ASKED BUT DECLINED TO ANSWER,,ASKU,http://terminology.hl7.org/CodeSystem/v3-NullFlavor,asked but unknown,,,,
VF_Religion,,10,http://va.gov/terminology/vistaDefinedElements/2-.08,ASSEMBLY OF GOD,,1061,http://terminology.hl7.org/CodeSystem/v3-ReligiousAffiliation,Assembly of God,,,,
VF_VitalsDevice,1,4688701,,ASSISTED VENTILATOR,,243141005,http://snomed.info/sct,Mechanically assisted spontaneous ventilation (procedure),match,,,
VF_VitalsMethod,1,4688697,,AT REST,,263678003,http://snomed.info/sct,At rest (qualifier value),match,,,
VF_Religion,,37,http://va.gov/terminology/vistaDefinedElements/2-.08,ATHEISM,,1007,http://terminology.hl7.org/CodeSystem/v3-ReligiousAffiliation,Atheism,,,,
VF_VitalsCodes,1,4688718,,AUDIOMETRY,,28615-3,http://loinc.org,Audiology study,match,,,
VF_VitalsUnits,1,4688718,,AUDIOMETRY,,<omit code>,,,match,,,
VF_VitalsMethod,1,4688639,,AUSCULTATE,,37931006,http://snomed.info/sct,Auscultation (procedure),match,,,
VF_VitalsSite,1,4688696,,,,128617001,http://snomed.info/sct,Arteriovenous fistula (morphologic abnormality),match,,,
VF_deviceTypePacemaker,,AV,,'AV' FOR BOTH A LEAD AND V LEAD;,,360129009,http://snomed.info/sct,Cardiac pacemaker lead (physical object),broader,A more specific SNOMED code will be requested for the VA Extension,,
VF_VitalsSite,1,4688640,,AXILLARY,No laterality,422543003,http://snomed.info/sct,Structure of axillary fossa (body structure),match,,,
VF_VitalsSite,1,4688640,,AXILLARY,Laterality Left,,http://snomed.info/sct,"764473004 |Skin structure of left axilla (body structure)|
20437008 |Structure of left axillary region (body structure)|",match,,,
VF_VitalsSite,1,4688640,,AXILLARY,Laterality Right,,http://snomed.info/sct,"764474005 |Skin structure of right axilla (body structure)|
19654004 |Structure of right axillary region (body structure)|",match,,,
VF_Religion,,38,http://va.gov/terminology/vistaDefinedElements/2-.08,BABI &amp; BAHA'I FAITHS,,1008,http://terminology.hl7.org/CodeSystem/v3-ReligiousAffiliation,Babi & Baha'I faiths,,,,
VF_Religion,,3,http://va.gov/terminology/vistaDefinedElements/2-.08,BAPTIST,,1009,http://terminology.hl7.org/CodeSystem/v3-ReligiousAffiliation,Baptist,,,,
VF_VitalsDevice,1,4688641,,BED,,466289007,http://snomed.info/sct,Bed scale (physical object),match,,,
VF_VitalsSite,1,4688642,,BILATERAL PERIPHERALS,,54718008,http://snomed.info/sct,"Peripheral pulse, function (observable entity)",,"14414005 |Peripheral (qualifier value)|
840581000 |Structure of peripheral artery (body structure)|",,
VF_VitalsDevice,1,4688695,,BIPAP (BI-LEVEL POSITIVE AIRWAY PRESSURE),,243142003,http://snomed.info/sct,Dual pressure spontaneous ventilation support (regime/therapy),match,,,
VF_VitalsDevice,1,4688691,,BIPAP-CPAP (BI-LEVEL POSITIVE AIRWAY PRESSURE-CONTINUOUS POSITIVE AIRWAY PRESSURE),,229306004,http://snomed.info/sct,Positive pressure therapy (regime/therapy),match,,,
VF_raceCategory,1,,,BLACK OR AFRICAN AMERICAN,,2054-5,urn:oid:2.16.840.1.113883.6.238,,match,,,
VF_VitalsCodes,1,4500634,,BLOOD PRESSURE,,85354-9,http://loinc.org,Blood pressure panel with all children optional,match,,,
VF_VitalsUnits,1,4500634,,BLOOD PRESSURE,,mm[Hg],http://unitsofmeasure.org,,match,,,
VF_VitalsCodes,1,,,BODY MASS INDEX,,39156-5,http://loinc.org,Body mass index (BMI) [Ratio],match,,,
VF_VitalsUnits,1,,,BODY MASS INDEX,,kg/m2,http://unitsofmeasure.org,,match,,,
VF_Religion,,39,http://va.gov/terminology/vistaDefinedElements/2-.08,BON,,1010,http://terminology.hl7.org/CodeSystem/v3-ReligiousAffiliation,Bon,,,,
VF_ImageInterpretation,,B,,BORDERLINE,,E,http://hl7.org/fhir/ValueSet/observation-interpretation,Equivocal,match,,,
VF_VitalsSite,1,4688643,,BRACHIAL,No laterality,17137000,http://snomed.info/sct,Structure of brachial artery (body structure),match,,,
VF_VitalsSite,1,4688643,,BRACHIAL,Laterality Left,723961002,http://snomed.info/sct,Structure of left brachial artery (body structure),match,,,
VF_VitalsSite,1,4688643,,BRACHIAL,Laterality Right,723962009,http://snomed.info/sct,Structure of right brachial artery (body structure),match,,,
VF_Religion,,11,http://va.gov/terminology/vistaDefinedElements/2-.08,BRETHREN,,1062,http://terminology.hl7.org/CodeSystem/v3-ReligiousAffiliation,Brethren,,,,
VF_PractitionerCountry,,BRITISH COLUMBIA    ,,BRITISH COLUMBIA    ,,CAN,,Canada,,,,
VF_VitalsMethod,1,4537031,,CALCULATED,,258090004,http://snomed.info/sct,Calculated (qualifier value),match,,,
VF_VitalsSite,1,4688644,,CALF,No laterality,53840002,http://snomed.info/sct,Structure of calf of leg (body structure),match,,,
VF_VitalsSite,1,4688644,,CALF,Laterality Left,722115008,http://snomed.info/sct,Structure of calf of left lower leg (body structure),match,,,
VF_VitalsSite,1,4688644,,CALF,Laterality Right,722116009,http://snomed.info/sct,Structure of calf of right lower leg (body structure),match,,,
VF_PractitionerCountry,,CALIFORNIA    ,,CALIFORNIA    ,,USA,,United States of America,,,,
VF_RadiologyProcedureStatus,,,,CALLED FOR EXAM,,preparation,http://hl7.org/fhir/event-status,Preparation,,,,
VF_PractitionerCountry,,CANADA    ,,CANADA    ,,CAN,,Canada,,,,
VF_RadiologyProcedureStatus,,,,CANCELLED,,not-done,http://hl7.org/fhir/event-status,Not Done,,,,
VF_ExamStatus,,X,,CANCELLED BY MAS,,cancelled,,,,,,
VF_ExamStatus,,RX,,CANCELLED BY RO,,cancelled,,,,,,
VF_Religion,,40,http://va.gov/terminology/vistaDefinedElements/2-.08,CAO DAI,,1011,http://terminology.hl7.org/CodeSystem/v3-ReligiousAffiliation,Cao Dai,,,,
VF_VitalsSite,1,4688645,,CAROTID,No laterality,69105007,http://snomed.info/sct,Carotid artery structure (body structure),match,,,
VF_VitalsSite,1,4688645,,CAROTID,Laterality Left,721028001,http://snomed.info/sct,Structure of left carotid artery (body structure),match,,,
VF_VitalsSite,1,4688645,,CAROTID,Laterality Right,721033002,http://snomed.info/sct,Structure of right carotid artery (body structure),match,,,
VF_Religion,,41,http://va.gov/terminology/vistaDefinedElements/2-.08,CELTICISM,,1012,http://terminology.hl7.org/CodeSystem/v3-ReligiousAffiliation,Celticism,,,,
VF_VitalsCodes,1,4688719,,CENTRAL VENOUS PRESSURE,,8591-0,http://loinc.org,Central venous pressure (CVP) Mean,match,,,
VF_VitalsUnits,1,4688719,,CENTRAL VENOUS PRESSURE,,cm[H2O],http://unitsofmeasure.org,,match,,,
VF_VitalsDevice,1,4688646,,CHAIR,,467496001,http://snomed.info/sct,"Chair scale, mechanical (physical object)",match,,,
VF_Religion,,42,http://va.gov/terminology/vistaDefinedElements/2-.08,CHRISTIAN (NON-SPECIFIC),,1013,http://terminology.hl7.org/CodeSystem/v3-ReligiousAffiliation,"Christian (non-Catholic, non-specific)",,,,
VF_Religion,,12,http://va.gov/terminology/vistaDefinedElements/2-.08,CHRISTIAN SCIENTIST,,1063,http://terminology.hl7.org/CodeSystem/v3-ReligiousAffiliation,Christian Scientist,,,,
VF_Religion,,13,http://va.gov/terminology/vistaDefinedElements/2-.08,CHURCH OF CHRIST,,1064,http://terminology.hl7.org/CodeSystem/v3-ReligiousAffiliation,Church of Christ,,,,
VF_Religion,,14,http://va.gov/terminology/vistaDefinedElements/2-.08,CHURCH OF GOD,,1065,http://terminology.hl7.org/CodeSystem/v3-ReligiousAffiliation,Church of God,,,,
VF_VitalsCodes,1,4688720,,CIRCUMFERENCE/GIRTH,,9844-2,http://loinc.org,Body region Circumference,match,,,
VF_VitalsUnits,1,4688720,,CIRCUMFERENCE/GIRTH,,[in_i],http://unitsofmeasure.org,[in_i],match,,,
VF_PractitionerCountry,,COLORADO    ,,COLORADO    ,,USA,,United States of America,,,,
VF_SourceOfAdmission,,1H,,COMMUNITY NURSING HOME NOT UNDER VA AUSPICES,,nursing,http://terminology.hl7.org/CodeSystem/admit-source,,broader,,,
VF_RadiologyProcedureStatus,,,,COMPLETE,,completed,http://hl7.org/fhir/event-status,Completed,,,,
VF_documentReferencedocStatus,,4501014,,COMPLETED,,final,,,match,,,
VF_ExamStatus,,C,,COMPLETED,,final,,,,,,
VF_Religion,,43,http://va.gov/terminology/vistaDefinedElements/2-.08,CONFUCIANISM,,1014,http://terminology.hl7.org/CodeSystem/v3-ReligiousAffiliation,Confucianism,,,,
VF_Religion,,44,http://va.gov/terminology/vistaDefinedElements/2-.08,CONGREGATIONAL,,1066,http://terminology.hl7.org/CodeSystem/v3-ReligiousAffiliation,Congregational,,,,
VF_PractitionerCountry,,CONNECTICUT    ,,CONNECTICUT    ,,USA,,United States of America,,,,
VF_encounterProblemVerificationStatus,1,C,,CONSIDER,,provisional,http://terminology.hl7.org/CodeSystem/condition-ver-status,,,,,
VF_SourceOfAdmission,,1G,,CONTRACT CNH (UNDER VA AUSPICES),,nursing,http://terminology.hl7.org/CodeSystem/admit-source,,broader,,,
VF_VitalsDevice,1,4688647,,CONTROLLED VENTILATOR,,243147009,http://snomed.info/sct,Controlled ventilation (procedure),match,,,
VF_ImmunizationReaction,,7,http://va.gov/terminology/vistaDefinedElements/9000010.11-.06,CONVULSIONS,,91175000,http://snomed.info/sct,Seizure (finding),,,,
VF_VitalsSite,1,4688648,,CORE,,276885007,http://snomed.info/sct,Core body temperature (observable entity),match,"OE, not site",,
VF_DiagnosticReportLabStatus,,C,,CORRECTED RESULTS,,corrected,http://hl7.org/fhir/diagnostic-report-status,Corrected,,,,
VF_VitalsDevice,1,4688690,,CPAP (CONTINUOUS POSITIVE AIRWAY PRESSURE),,47545007,http://snomed.info/sct,Continuous positive airway pressure ventilation treatment (regime/therapy),match,,,
VF_VitalsDevice,1,4688649,,CUFF-AUTOMATED (AUTOMATED CUFF),,445949006,http://snomed.info/sct,Electronic sphygmomanometer (physical object),match,,,
VF_VitalsDevice,1,4688688,,CUFF-MANUAL (MANUAL CUFF),,464069000,http://snomed.info/sct,Mercury manual sphygmomanometer (physical object),match,,,
VF_SmokingStatus,,5316637,http://va.gov/terminology/vistaDefinedTerms/9999999.64,CURRENT SMOKER,,77176002,http://snomed.info/sct,Smoker (finding),,Mapped values from VHIE Smoking Status effective 02/19/2019,,
VF_SmokingStatus,,5316643,http://va.gov/terminology/vistaDefinedTerms/9999999.64,CURRENT TOBACCO USE,,110483000,http://snomed.info/sct,Tobacco user (finding),,Mapped values from VHIE Smoking Status effective 02/19/2019,,
VF_Religion,,45,http://va.gov/terminology/vistaDefinedElements/2-.08,CYBERCULTURE RELIGIONS,,1015,http://terminology.hl7.org/CodeSystem/v3-ReligiousAffiliation,Cyberculture Religions,,,,
VF_immunizationStatusReason,1,,,DECLINED FLU IMM (HISTORICAL),,PATOBJ,http://terminology.hl7.org/CodeSystem/v3-ActReason,patient objection,broader,,,
VF_inferredCVX,1,,,DECLINED FLU IMM (HISTORICAL),,88, http://hl7.org/fhir/sid/cvx,,match,,,
VF_immunizationStatusReason,1,,,DECLINED PNEUMOCOCCAL (HISTORICAL),,PATOBJ,http://terminology.hl7.org/CodeSystem/v3-ActReason,patient objection,broader,,,
VF_inferredCVX,1,,,DECLINED PNEUMOCOCCAL (HISTORICAL),,109, http://hl7.org/fhir/sid/cvx,,match,,,
VF_immunizationStatusReason,1,,,DECLINED TETANUS/DIPT (HISTORICAL),,PATOBJ,http://terminology.hl7.org/CodeSystem/v3-ActReason,patient objection,broader,,,
VF_inferredCVX,1,,,DECLINED TETANUS/DIPT (HISTORICAL),,139, http://hl7.org/fhir/sid/cvx,,match,,,
VF_ethnicityCategory,1,,,DECLINED TO ANSWER,,ASKU,http://terminology.hl7.org/CodeSystem/v3-NullFlavor,,broader,,,
VF_raceCategory,1,,,DECLINED TO ANSWER,,ASKU,http://terminology.hl7.org/CodeSystem/v3-NullFlavor,,broader,,,
VF_immunizationStatusReason,1,,,DECLINES FLU VAX (HISTORICAL),,PATOBJ,http://terminology.hl7.org/CodeSystem/v3-ActReason,patient objection,broader,,,
VF_inferredCVX,1,,,DECLINES FLU VAX (HISTORICAL),,88, http://hl7.org/fhir/sid/cvx,,match,,BG,28-Oct-22
VF_immunizationStatusReason,1,,,DECLINES PNEUMOVAX (HISTORICAL),,PATOBJ,http://terminology.hl7.org/CodeSystem/v3-ActReason,patient objection,broader,,,
VF_inferredCVX,1,,,DECLINES PNEUMOVAX (HISTORICAL),,109, http://hl7.org/fhir/sid/cvx,,match,,,
VF_PractitionerCountry,,DELAWARE    ,,DELAWARE    ,,USA,,United States of America,,,,
VF_documentReferencedocStatus,,4500698,,DELETED,,entered-in-error,,,?,,,
VF_OutMedRequestStatus,0,13,http://va.gov/terminology/vistaDefinedTerms/52-100,DELETED,,entered-in-error,http://hl7.org/fhir/ValueSet/medicationrequest-status,entered-in-error,match,,,
VF_DentalDeviceStatus,,2,http://va.gov/terminology/vistaDefinedTerms/228.9-.08,Deleted,,entered-in-error,http://hl7.org/fhir/ValueSet/device-status,Entered in Error,match,,,
VF_ImageStatusRadNuc,,X,,DELETED,,cancelled,http://hl7.org/fhir/ValueSet/observation-status,Cancelled,,"X' (Deleted) status refers to a report that is deleted from a case, but remains in the database though not selectable from any Radiology options.",,
VF_SourceOfAdmission,,7B,,DIRECT ADM OF ACTIVE DUTY PERS FROM MILT HOSP,,hosp-trans,http://terminology.hl7.org/CodeSystem/admit-source,,broader,,,
VF_SourceOfAdmission,,6A,,DIRECT ADMISSION FROM A VA HOSPITAL,,hosp-trans,http://terminology.hl7.org/CodeSystem/admit-source,,broader,,,
VF_SourceOfAdmission,,5G,,DIRECT ADMISSION FROM ALL OTHER SOURCES,,other,http://terminology.hl7.org/CodeSystem/admit-source,,broader,,,
VF_SourceOfAdmission,,6D,,DIRECT ADMISSION FROM ALL OTHER SOURCES,,other,http://terminology.hl7.org/CodeSystem/admit-source,,broader,,,
VF_Religion,,15,http://va.gov/terminology/vistaDefinedElements/2-.08,DISCIPLES OF CHRIST,,1067,http://terminology.hl7.org/CodeSystem/v3-ReligiousAffiliation,Disciples of Christ,,,,
VF_OutMedRequestStatus,0,12,http://va.gov/terminology/vistaDefinedTerms/52-100,DISCONTINUED,,stopped,http://hl7.org/fhir/ValueSet/medicationrequest-status,stopped,broader,,,
VF_OutMedRequestStatus,0,12,http://va.gov/terminology/vistaDefinedTerms/52-100,DISCONTINUED,,stopped,http://hl7.org/fhir/ValueSet/medicationrequest-status,stopped,broader,,,
VF_OutMedRequestStatus,0,15,http://va.gov/terminology/vistaDefinedTerms/52-100,DISCONTINUED (EDIT),,stopped,http://hl7.org/fhir/ValueSet/medicationrequest-status,stopped,broader,,,
VF_OutMedRequestStatus,0,14,http://va.gov/terminology/vistaDefinedTerms/52-100,DISCONTINUED BY PROVIDER,,stopped,http://hl7.org/fhir/ValueSet/medicationrequest-status,stopped,broader,,,
VF_PractitionerCountry,,DISTRICT OF COLUMBIA    ,,DISTRICT OF COLUMBIA    ,,USA,,United States of America,,,,
VF_Religion,,46,http://va.gov/terminology/vistaDefinedElements/2-.08,DIVINATION,,1016,http://terminology.hl7.org/CodeSystem/v3-ReligiousAffiliation,Divination,,,,
VF_MaritalStatus,,DIVORCED,http://va.gov/terminology/vistaDefinedElements/2-.05,DIVORCED,,D,http://terminology.hl7.org/CodeSystem/v3-MaritalStatus,Divorced,,,,
VF_genderIdentity,1,N,,DOES NOT WISH TO DISCLOSE,,unknown,http://hl7.org/fhir/administrative-gender,,broader,,,
VF_VitalsDevice,1,4688650,,DOPPLER,,268447006,http://snomed.info/sct,Doppler studies (procedure),match,,,
VF_VitalsSite,1,4688651,,DORSALIS PEDIS,No laterality,86547008,http://snomed.info/sct,Structure of dorsalis pedis artery (body structure),match,,,
VF_VitalsSite,1,4688651,,DORSALIS PEDIS,Laterality Left,792817008,http://snomed.info/sct,Structure of left dorsalis pedis artery (body structure),match,,,
VF_VitalsSite,1,4688651,,DORSALIS PEDIS,Laterality Right,792816004,http://snomed.info/sct,Structure of right dorsalis pedis artery (body structure),match,,,
VF_encounterProblemVerificationStatus,1,D,,DOUBTFUL,,provisional,http://terminology.hl7.org/CodeSystem/condition-ver-status,,,,,
VF_ImageStatus,,D,,DRAFT,,preliminary,http://hl7.org/fhir/ValueSet/observation-status,Preliminary,,,,
VF_ImageStatusRadNuc,,D,,DRAFT,,preliminary,http://hl7.org/fhir/ValueSet/observation-status,Preliminary,,D' (Draft) status or 'PD' (Problem Draft) status refers to a report that is available only for display in the Rad/Nuc Med Department. A statement describing the problem to the interpreting physician is printed at the end of reports with the 'PD' status.,,
VF_allergySubstanceCategory,1,D,,DRUG,,medication,http://hl7.org/fhir/allergy-intolerance-category,medication,match,,,
VF_OutMedRequestStatus,0,4,http://va.gov/terminology/vistaDefinedTerms/52-100,DRUG INTERACTIONS,,draft,http://hl7.org/fhir/ValueSet/medicationrequest-status,draft,broader,,,
VF_VitalsMethod,1,4688652,,DRY,,445541000,http://snomed.info/sct,Dry body weight (observable entity),,"OE, not method",,
VF_Religion,,2,http://va.gov/terminology/vistaDefinedElements/2-.08,EASTERN ORTHODOX,,1068,http://terminology.hl7.org/CodeSystem/v3-ReligiousAffiliation,Eastern Orthodox,,,,
VF_ImageStatusRadNuc,,EF,,ELECTRONICALLY FILED,,preliminary,http://hl7.org/fhir/ValueSet/observation-status,Preliminary,,"EF' (Electronically Filed) status refers to a report that is interpreted outside the Rad/Nuc Med Department. The content is not the actual interpreted report, but canned text referring to the outside interpreted report.",,
VF_allergyActive,1,<null>,,ENTERED IN ERROR - NULL,,active,http://terminology.hl7.org/CodeSystem/allergyintolerance-clinical,active,broader,,,
VF_allergyEnteredInError,1,1,,ENTERED IN ERROR - YES,,entered-in-error,http://terminology.hl7.org/CodeSystem/allergyintolerance-verification,Entered In Error,match,,,
VF_Religion,,8,http://va.gov/terminology/vistaDefinedElements/2-.08,EPISCOPALIAN,,1069,http://terminology.hl7.org/CodeSystem/v3-ReligiousAffiliation,Episcopalian,,,,
VF_VitalsMethod,1,4688653,,ESTIMATED,,414135002,http://snomed.info/sct,Estimated (qualifier value),match,,,
VF_VitalsMethod,1,4691085,,ESTIMATED BY ARM SPAN,,414135002,http://snomed.info/sct,Estimated (qualifier value),match,,,
VF_Religion,,16,http://va.gov/terminology/vistaDefinedElements/2-.08,EVANGELICAL COVENANT,,1070,http://terminology.hl7.org/CodeSystem/v3-ReligiousAffiliation,Evangelical Covenant,,,,
VF_RadiologyProcedureStatus,,,,EXAMINED,,in-progress,http://hl7.org/fhir/event-status,In Progress,,,,
VF_DentalDeviceStatus,,0,http://va.gov/terminology/vistaDefinedTerms/228.9-.08,Existing,,active,http://hl7.org/fhir/ValueSet/device-status,Active,match,,,
VF_OutMedRequestStatus,0,11,http://va.gov/terminology/vistaDefinedTerms/52-100,EXPIRED,,completed,http://hl7.org/fhir/ValueSet/medicationrequest-status,completed,match,,,
VF_VitalsDevice,1,4688654,,FACE TENT,,426294006,http://snomed.info/sct,Face tent oxygen delivery device (physical object),match,,,
VF_PractitionerCountry,,FEDERATED STATES OF MICRONESIA    ,,FEDERATED STATES OF MICRONESIA    ,,FSM,,Federated States of Micronesia,,,,
VF_genderIdentity,1,F,,FEMALE,,female,http://hl7.org/fhir/administrative-gender,,match,,,
VF_providerGender,1,F,,FEMALE,,female,http://hl7.org/fhir/administrative-gender,,match,,,
VF_VitalsSite,1,4688655,,FEMORAL,No laterality,7657000,http://snomed.info/sct,Structure of femoral artery (body structure),match,,,
VF_VitalsSite,1,4688655,,FEMORAL,Laterality Left,113270003,http://snomed.info/sct,Structure of left femoral artery (body structure),match,,,
VF_VitalsSite,1,4688655,,FEMORAL,Laterality Right,69833005,http://snomed.info/sct,Structure of right femoral artery (body structure),match,,,
VF_VitalsCodes,1,4688721,,FETAL HEART TONES,,11616-0,http://loinc.org,Fetal Heart Narrative Activity US,match,,,
VF_VitalsUnits,1,4688721,,FETAL HEART TONES,,<omit code>,,,match,,,
VF_ImmunizationReaction,,1,http://va.gov/terminology/vistaDefinedElements/9000010.11-.06,FEVER,,386661006,http://snomed.info/sct,Fever (finding),,,,
VF_LabObservationStatus,,F,,FINAL REPORT,,final,http://hl7.org/fhir/observation-status,Final,,,,
VF_DiagnosticReportLabStatus,,F,,FINAL RESULTS,,final,http://hl7.org/fhir/diagnostic-report-status,Final,,,,
VF_PractitionerCountry,,FLORIDA    ,,FLORIDA    ,,USA,,United States of America,,,,
VF_immunizationStatusReason,1,,,FLU REFUSED (HISTORICAL),,PATOBJ,http://terminology.hl7.org/CodeSystem/v3-ActReason,patient objection,broader,,,
VF_inferredCVX,1,,,FLU REFUSED (HISTORICAL),,88, http://hl7.org/fhir/sid/cvx,,match,,,
VF_immunizationStatusReason,1,,,FLU VAC NOT AVAILABLE (HISTORICAL),,PATOBJ,http://terminology.hl7.org/CodeSystem/v3-ActReason,patient objection,broader,,,
VF_inferredCVX,1,,,FLU VAC NOT AVAILABLE (HISTORICAL),,88, http://hl7.org/fhir/sid/cvx,,match,,,
VF_immunizationStatusReason,1,,,FLU VACCINE REFUSED (HISTORICAL),,PATOBJ,http://terminology.hl7.org/CodeSystem/v3-ActReason,patient objection,broader,,,
VF_inferredCVX,1,,,FLU VACCINE REFUSED (HISTORICAL),,88, http://hl7.org/fhir/sid/cvx,,match,,,
VF_encounterProblemVerificationStatus,1,F,,FOLLOW UP,,provisional,http://terminology.hl7.org/CodeSystem/condition-ver-status,,,,,
VF_allergySubstanceCategory,1,F,,FOOD,,food,http://hl7.org/fhir/allergy-intolerance-category,,match,,,
VF_SmokingStatus,,5316635,http://va.gov/terminology/vistaDefinedTerms/9999999.64,FORMER SMOKER - <100 LIFETIME CIGARETTES,,8517006,http://snomed.info/sct,Ex-smoker (finding),,Mapped values from VHIE Smoking Status effective 02/19/2019,,
VF_Religion,,47,http://va.gov/terminology/vistaDefinedElements/2-.08,FOURTH WAY,,1017,http://terminology.hl7.org/CodeSystem/v3-ReligiousAffiliation,Fourth Way,,,,
VF_Religion,,48,http://va.gov/terminology/vistaDefinedElements/2-.08,FREE DAISM,,1018,http://terminology.hl7.org/CodeSystem/v3-ReligiousAffiliation,Free Daism,,,,
VF_Religion,,17,http://va.gov/terminology/vistaDefinedElements/2-.08,FRIENDS,,1071,http://terminology.hl7.org/CodeSystem/v3-ReligiousAffiliation,Friends,,,,
VF_SourceOfAdmission,,4D,,FROM ANOTHER VA DOM,,other,http://terminology.hl7.org/CodeSystem/admit-source,,broader,,,
VF_SourceOfAdmission,,4G,,FROM COMMUNITY HOSPITAL NOT UNDER VA AUSPICES,,hosp-trans,http://terminology.hl7.org/CodeSystem/admit-source,,broader,,,
VF_SourceOfAdmission,,4F,,FROM COMMUNITY HOSPITAL UNDER VA AUSPICES,,hosp-trans,http://terminology.hl7.org/CodeSystem/admit-source,,broader,,,
VF_SourceOfAdmission,,4J,,FROM COMMUNITY NURSING HOME NOT UNDER VA AUSPICES,,nursing,http://terminology.hl7.org/CodeSystem/admit-source,,broader,,,
VF_SourceOfAdmission,,4H,,FROM COMMUNITY NURSING HOME UNDER VA AUSPICES,,nursing,http://terminology.hl7.org/CodeSystem/admit-source,,broader,,,
VF_SourceOfAdmission,,4M,,FROM MILITARY HOSP,,hosp-trans,http://terminology.hl7.org/CodeSystem/admit-source,,broader,,,
VF_SourceOfAdmission,,4P,,FROM OTHER FEDERAL HOSP NOT UNDER VA AUSPICES,,hosp-trans,http://terminology.hl7.org/CodeSystem/admit-source,,broader,,,
VF_SourceOfAdmission,,4N,,FROM OTHER FEDERAL HOSP UNDER VA AUSP,,hosp-trans,http://terminology.hl7.org/CodeSystem/admit-source,,broader,,,
VF_SourceOfAdmission,,4Q,,FROM OTHER GOV HOSP(NON FED) NOT UNDER VA AUSP,,hosp-trans,http://terminology.hl7.org/CodeSystem/admit-source,,broader,,,
VF_SourceOfAdmission,,4K,,FROM STATE HOME DOM,,other,http://terminology.hl7.org/CodeSystem/admit-source,,broader,,,
VF_SourceOfAdmission,,4L,,FROM STATE NURSING HOME CARE,,nursing,http://terminology.hl7.org/CodeSystem/admit-source,,broader,,,
VF_SourceOfAdmission,,4A,,FROM VA HOSPITAL,,hosp-trans,http://terminology.hl7.org/CodeSystem/admit-source,,broader,,,
VF_SourceOfAdmission,,4B,,FROM VA HOSPITAL ON NON-BED-CARE,,hosp-trans,http://terminology.hl7.org/CodeSystem/admit-source,,broader,,,
VF_SourceOfAdmission,,4C,,FROM VA NURSING HOME CARE UNIT,,nursing,http://terminology.hl7.org/CodeSystem/admit-source,,broader,,,
VF_Religion,,49,http://va.gov/terminology/vistaDefinedElements/2-.08,FULL GOSPEL,,1072,http://terminology.hl7.org/CodeSystem/v3-ReligiousAffiliation,Full Gospel,,,,
VF_VitalsCodes,1,4688722,,FUNDAL HEIGHT,,11881-0,http://loinc.org,Uterus Fundal height Tape measure,match,,,
VF_VitalsUnits,1,4688722,,FUNDAL HEIGHT,,<omit code>,,,match,,,
VF_deviceTypePacemaker,,G,,'G' FOR GENERATOR;,,118378005,http://snomed.info/sct,"Pacemaker pulse generator, device (physical object)",match,,,
VF_PractitionerCountry,,GEORGIA    ,,GEORGIA    ,,USA,,United States of America,,,,
VF_Religion,,50,http://va.gov/terminology/vistaDefinedElements/2-.08,GNOSIS,,1019,http://terminology.hl7.org/CodeSystem/v3-ReligiousAffiliation,Gnosis,,,,
VF_SourceOfAdmission,,1J,,GOVNT(NON FED) MENTAL HOSP NOT UNDER VA AUSPICES,,psych,http://terminology.hl7.org/CodeSystem/admit-source,,broader,,,
VF_PractitionerCountry,,GUAM    ,,GUAM    ,,GUM,,Guam,,,,
VF_PractitionerCountry,,HAWAII    ,,HAWAII    ,,USA,,United States of America,,,,
VF_VitalsSite,1,4688656,,HEAD,,69536005,http://snomed.info/sct,Head structure (body structure),match,,,
VF_VitalsCodes,1,4688723,,HEARING,,32437-6,http://loinc.org,Physical findings of Hearing,match,,,
VF_VitalsUnits,1,4688723,,HEARING,,<omit code>,,,match,,,
VF_VitalsCodes,1,4688724,,HEIGHT,,8302-2,http://loinc.org,Body height,match,,,
VF_VitalsUnits,1,4688724,,HEIGHT,,[in_i],http://unitsofmeasure.org,[in_i],match,,,
VF_SmokingStatus,,5316641,http://va.gov/terminology/vistaDefinedTerms/9999999.64,HF V9 CURRENT SMOKER,,77176002,http://snomed.info/sct,Smoker (finding),,Mapped values from VHIE Smoking Status effective 02/19/2019,,
VF_problemVerificationStatus,1,H,,HIDDEN,,refuted,http://terminology.hl7.org/CodeSystem/condition-ver-status,refuted,,,,
VF_Religion,,51,http://va.gov/terminology/vistaDefinedElements/2-.08,HINDUISM,,1020,http://terminology.hl7.org/CodeSystem/v3-ReligiousAffiliation,Hinduism,,,,
VF_VitalsSite,1,4697470,,HIP,No laterality,29836001,http://snomed.info/sct,Hip region structure (body structure),match,,,
VF_VitalsSite,1,4697470,,HIP,Laterality Left,287679003,http://snomed.info/sct,Left hip region structure (body structure),match,,,
VF_VitalsSite,1,4697470,,HIP,Laterality Right,287579007,http://snomed.info/sct,Right hip region structure (body structure),match,,,
VF_ethnicityCategory,1,,,HISPANIC OR LATINO,,2135-2,urn:oid:2.16.840.1.113883.6.238,,match,,,
VF_immunizationPrimarySource,1,5197425,,HISTORICAL INFORMATION - FROM BIRTH CERTIFICATE,,false,,,broader,,,
VF_immunizationPrimarySource,1,5197421,,HISTORICAL INFORMATION - FROM OTHER PROVIDER,,false,,,broader,,,
VF_immunizationPrimarySource,1,5197424,,HISTORICAL INFORMATION - FROM OTHER REGISTRY,,false,,,broader,,,
VF_immunizationPrimarySource,1,5197423,,HISTORICAL INFORMATION - FROM PARENT'S RECALL,,false,,,broader,,,
VF_immunizationPrimarySource,1,5197422,,HISTORICAL INFORMATION - FROM PARENT'S WRITTEN RECORD,,false,,,broader,,,
VF_immunizationPrimarySource,1,5197427,,HISTORICAL INFORMATION - FROM PUBLIC AGENCY,,false,,,broader,,,
VF_immunizationPrimarySource,1,5197426,,HISTORICAL INFORMATION - FROM SCHOOL RECORD,,false,,,broader,,,
VF_immunizationPrimarySource,1,5197420,,HISTORICAL INFORMATION - SOURCE UNSPECIFIED,,false,,,broader,,,
VF_OutMedRequestStatus,0,3,http://va.gov/terminology/vistaDefinedTerms/52-100,HOLD,,active,http://hl7.org/fhir/ValueSet/medicationrequest-status,active,broader,,,
VF_Religion,,52,http://va.gov/terminology/vistaDefinedElements/2-.08,HUMANISM,,1021,http://terminology.hl7.org/CodeSystem/v3-ReligiousAffiliation,Humanism,,,,
VF_ICDVersion,,10D,,ICD-10-CM,,http://hl7.org/fhir/sid/icd-10-cm,,,,,,
VF_ICDVersion,,10P,,ICD-10-PCS,,http://hl7.org/fhir/sid/icd-10-pcs,,,,,,
VF_ICDVersion,,ICP,,ICD-9 Proc,,http://hl7.org/fhir/sid/icd-9-pcs,,,,,,
VF_ICDVersion,,ICD,,ICD-9-CM,,http://hl7.org/fhir/sid/icd-9-cm,,,,,,
VF_PractitionerCountry,,IDAHO    ,,IDAHO    ,,USA,,United States of America,,,,
VF_PractitionerCountry,,ILLINOIS    ,,ILLINOIS    ,,USA,,United States of America,,,,
VF_encounterClass,1,1,,IN,,IMP,http://terminology.hl7.org/CodeSystem/v3-ActCode,inpatient encounter,match,,,
VF_documentReferencedocStatus,,4501128,,INACTIVE,,<exclude record>,,,,,,
VF_problemStatus,1,I,,INACTIVE,,inactive,http://terminology.hl7.org/CodeSystem/condition-clinical,,match,,,
VF_Religion,,53,http://va.gov/terminology/vistaDefinedElements/2-.08,INDEPENDENT,,1022,http://terminology.hl7.org/CodeSystem/v3-ReligiousAffiliation,Independent,,,,
VF_PractitionerCountry,,INDIANA    ,,INDIANA    ,,USA,,United States of America,,,,
VF_immunizationStatusReason,1,,,INFLUENZA CONTRAINDICATED (HISTORICAL),,MEDPREC,http://terminology.hl7.org/CodeSystem/v3-ActReason,medical precaution,broader,,,
VF_inferredCVX,1,,,INFLUENZA CONTRAINDICATED (HISTORICAL),,88, http://hl7.org/fhir/sid/cvx,,match,,,
VF_immunizationStatusReason,1,,,INFLUENZA CONTRAINDICATED (PERM) (HISTORICAL),,MEDPREC,http://terminology.hl7.org/CodeSystem/v3-ActReason,medical precaution,broader,,,
VF_inferredCVX,1,,,INFLUENZA CONTRAINDICATED (PERM) (HISTORICAL),,88, http://hl7.org/fhir/sid/cvx,,match,,,
VF_immunizationStatusReason,1,,,INFLUENZA REFUSED/DECLINED (HISTORICAL),,PATOBJ,http://terminology.hl7.org/CodeSystem/v3-ActReason,patient objection,broader,,,
VF_inferredCVX,1,,,INFLUENZA REFUSED/DECLINED (HISTORICAL),,88, http://hl7.org/fhir/sid/cvx,,match,,,
VF_immunizationStatusReason,1,,,Influenza Vaccination (Refused) (HISTORICAL),,PATOBJ,http://terminology.hl7.org/CodeSystem/v3-ActReason,patient objection,broader,,,
VF_inferredCVX,1,,,Influenza Vaccination (Refused) (HISTORICAL),,88, http://hl7.org/fhir/sid/cvx,,match,,,
VF_immunizationStatusReason,1,,,INFLUENZA VACCINE CONTRAINDICATED (HISTORICAL),,MEDPREC,http://terminology.hl7.org/CodeSystem/v3-ActReason,medical precaution,broader,,,
VF_inferredCVX,1,,,INFLUENZA VACCINE CONTRAINDICATED (HISTORICAL),,88, http://hl7.org/fhir/sid/cvx,,match,,,
VF_AntibioticSensitivityInterpretation,,I,,Intermediate,,I,http://terminology.hl7.org/CodeSystem/v3-ObservationInterpretation,Intermediate,match,,,
VF_VitalsMethod,1,4688700,,INVASIVE,,386341005,http://snomed.info/sct,Invasive hemodynamic monitoring (regime/therapy),match,,,
VF_PractitionerCountry,,IOWA    ,,IOWA    ,,USA,,United States of America,,,,
VF_ImmunizationReaction,,2,http://va.gov/terminology/vistaDefinedElements/9000010.11-.06,IRRITABILITY,,55929007,http://snomed.info/sct,Feeling irritable (finding),,,,
VF_Religion,,20,http://va.gov/terminology/vistaDefinedElements/2-.08,ISLAM,,1023,http://terminology.hl7.org/CodeSystem/v3-ReligiousAffiliation,Islam,,,,
VF_Religion,,54,http://va.gov/terminology/vistaDefinedElements/2-.08,JAINISM,,1024,http://terminology.hl7.org/CodeSystem/v3-ReligiousAffiliation,Jainism,,,,
VF_Religion,,18,http://va.gov/terminology/vistaDefinedElements/2-.08,JEHOVAH'S WITNESSES,,1025,http://terminology.hl7.org/CodeSystem/v3-ReligiousAffiliation,Jehovah's Witnesses,,,,
VF_Religion,,1,http://va.gov/terminology/vistaDefinedElements/2-.08,JUDAISM,,1026,http://terminology.hl7.org/CodeSystem/v3-ReligiousAffiliation,Judaism,,,,
VF_PractitionerCountry,,KANSAS    ,,KANSAS    ,,USA,,United States of America,,,,
VF_PractitionerCountry,,KENTUCKY    ,,KENTUCKY    ,,USA,,United States of America,,,,
VF_VitalsSite,1,4688689,,KNEE,No laterality,72696002,http://snomed.info/sct,Knee region structure (body structure),match,,,
VF_VitalsSite,1,4688689,,KNEE,Laterality Left,82169009,http://snomed.info/sct,Structure of left knee region (body structure),match,,,
VF_VitalsSite,1,4688689,,KNEE,Laterality Right,6757004,http://snomed.info/sct,Structure of right knee region (body structure),match,,,
VF_VitalsSite,1,4688657,,L ARM (LEFT ARM),,80768000,http://snomed.info/sct,Structure of left upper limb (body structure),match,,,
VF_VitalsSite,1,4688658,,L LEG (LEFT LEG),,32153003,http://snomed.info/sct,Structure of left lower limb (body structure),match,,,
VF_VitalsDevice,1,4536584,,LARYNGEAL MASK AIRWAY,,257268009,http://snomed.info/sct,Laryngeal mask (physical object),match,,,
VF_Religion,,19,http://va.gov/terminology/vistaDefinedElements/2-.08,LATTER DAY SAINTS,,1027,http://terminology.hl7.org/CodeSystem/v3-ReligiousAffiliation,Latter Day Saints,,,,
VF_VitalsDevice,1,4688659,,LEAD,,257467001,http://snomed.info/sct,Electrocardiogram lead (physical object),match,,,
VF_VitalsLaterality,1,4688660,,LEFT,,31156008,http://snomed.info/sct,Structure of left half of body (body structure),match,,,
VF_VitalsPosition,1,5335366,,LEFT LATERAL RECUMBENT,,102536004,http://snomed.info/sct,Left lateral decubitus position (finding),match,,,
VF_ImmunizationReaction,,6,http://va.gov/terminology/vistaDefinedElements/9000010.11-.06,LETHARGY,,214264003,http://snomed.info/sct,Lethargy (finding),,,,
VF_VitalsDevice,1,4688661,,LG ADULT CUFF,,255509001,http://snomed.info/sct,Large (qualifier value),match,,,
VF_SmokingStatus,,5316645,http://va.gov/terminology/vistaDefinedTerms/9999999.64,LIFETIME NON-SMOKER,,266919005,http://snomed.info/sct,Never smoked tobacco (finding),,Mapped values from VHIE Smoking Status effective 02/19/2019,,
VF_VitalsDevice,1,4688684,,LIFT SCALE,,462242008,http://snomed.info/sct,Patient sling scale (physical object),match,,,
VF_ImmunizationReaction,,3,http://va.gov/terminology/vistaDefinedElements/9000010.11-.06,LOCAL REACTION OR SWELLING,,293104008,http://snomed.info/sct,Adverse reaction to component of vaccine product (disorder),,,,
VF_PractitionerCountry,,LOUISIANA    ,,LOUISIANA    ,,USA,,United States of America,,,,
VF_VitalsSite,1,4688662,,LOWER ARM,No laterality,14975008,http://snomed.info/sct,Forearm structure (body structure),match,,,
VF_VitalsSite,1,4688662,,LOWER ARM,Laterality Left,66480008,http://snomed.info/sct,Structure of left forearm (body structure),match,,,
VF_VitalsSite,1,4688662,,LOWER ARM,Laterality Right,64262003,http://snomed.info/sct,Structure of right forearm (body structure),match,,,
VF_Religion,,5,http://va.gov/terminology/vistaDefinedElements/2-.08,LUTHERAN,,1028,http://terminology.hl7.org/CodeSystem/v3-ReligiousAffiliation,Lutheran,,,,
VF_VitalsPosition,1,4688663,,LYING,,102538003,http://snomed.info/sct,Recumbent body position (finding),match,,,
VF_Religion,,55,http://va.gov/terminology/vistaDefinedElements/2-.08,MAHAYANA,,1029,http://terminology.hl7.org/CodeSystem/v3-ReligiousAffiliation,Mahayana,,,,
VF_PractitionerCountry,,MAINE    ,,MAINE    ,,USA,,United States of America,,,,
VF_genderIdentity,1,M,,MALE,,male,http://hl7.org/fhir/administrative-gender,,match,,,
VF_providerGender,1,M,,MALE,,male,http://hl7.org/fhir/administrative-gender,,match,,,
VF_PractitionerCountry,,MANITOBA    ,,MANITOBA    ,,CAN,,Canada,,,,
VF_MaritalStatus,,MARRIED,http://va.gov/terminology/vistaDefinedElements/2-.05,MARRIED,,M,http://terminology.hl7.org/CodeSystem/v3-MaritalStatus,Married,,,,
VF_PractitionerCountry,,MARSHALL ISLANDS    ,,MARSHALL ISLANDS    ,,MHL,,Marshall Islands,,,,
VF_PractitionerCountry,,MARYLAND    ,,MARYLAND    ,,USA,,United States of America,,,,
VF_VitalsDevice,1,4688664,,MASK,,336602003,http://snomed.info/sct,Oxygen mask (physical object),match,,,
VF_PractitionerCountry,,MASSACHUSETTS    ,,MASSACHUSETTS    ,,USA,,United States of America,,,,
VF_encounterProblemVerificationStatus,1,M,,"MAYBE, POSSIBLE, PERHAPS",,provisional,http://terminology.hl7.org/CodeSystem/condition-ver-status,,,,,
VF_Religion,,56,http://va.gov/terminology/vistaDefinedElements/2-.08,MEDITATION,,1030,http://terminology.hl7.org/CodeSystem/v3-ReligiousAffiliation,Meditation,,,,
VF_Religion,,57,http://va.gov/terminology/vistaDefinedElements/2-.08,MESSIANIC JUDAISM,,1031,http://terminology.hl7.org/CodeSystem/v3-ReligiousAffiliation,Messianic Judaism,,,,
VF_Religion,,4,http://va.gov/terminology/vistaDefinedElements/2-.08,METHODIST,,1073,http://terminology.hl7.org/CodeSystem/v3-ReligiousAffiliation,Methodist,,,,
VF_PractitionerCountry,,MEXICO    ,,MEXICO    ,,USA,,United States of America,,,,
VF_PractitionerCountry,,MICHIGAN    ,,MICHIGAN    ,,USA,,United States of America,,,,
VF_allergySeverity,1,1,,MILD,,mild,http://hl7.org/fhir/reaction-event-severity,,match,,,
VF_SourceOfAdmission,,2C,,MILITARY PERS BY TRANSFER FROM A MILT HOSP,,hosp-trans,http://terminology.hl7.org/CodeSystem/admit-source,,broader,,,
VF_SourceOfAdmission,,2B,,MILITARY PERS NOT DIRECTLY FROM MILT HOSP,,other,http://terminology.hl7.org/CodeSystem/admit-source,,broader,,,
VF_PractitionerCountry,,MINNESOTA    ,,MINNESOTA    ,,USA,,United States of America,,,,
VF_PractitionerCountry,,MISSISSIPPI    ,,MISSISSIPPI    ,,USA,,United States of America,,,,
VF_PractitionerCountry,,MISSOURI    ,,MISSOURI    ,,USA,,United States of America,,,,
VF_Religion,,58,http://va.gov/terminology/vistaDefinedElements/2-.08,MITRAISM,,1032,http://terminology.hl7.org/CodeSystem/v3-ReligiousAffiliation,Mitraism,,,,
VF_allergySeverity,1,2,,MODERATE,,moderate,http://hl7.org/fhir/reaction-event-severity,,match,,,
VF_VitalsDevice,1,4688665,,MONITOR,,706767009,http://snomed.info/sct,Patient data recorder (physical object),match,,,
VF_PractitionerCountry,,MONTANA    ,,MONTANA    ,,USA,,United States of America,,,,
VF_VitalsDevice,1,4688687,,MUSTACHE CANNULA,,336623009,http://snomed.info/sct,Oxygen nasal cannula (physical object),match,,,
VF_VitalsDevice,1,4688666,,NASAL CANNULA,,336623009,http://snomed.info/sct,Oxygen nasal cannula (physical object),match,,,
VF_Religion,,30,http://va.gov/terminology/vistaDefinedElements/2-.08,NATIVE AMERICAN,,1074,http://terminology.hl7.org/CodeSystem/v3-ReligiousAffiliation,Native American,,,,
VF_raceCategory,1,,,NATIVE HAWAIIAN OR OTHER PACIFIC ISLANDER,,2076-8,urn:oid:2.16.840.1.113883.6.238,,match,,,
VF_Religion,,21,http://va.gov/terminology/vistaDefinedElements/2-.08,NAZARENE,,1075,http://terminology.hl7.org/CodeSystem/v3-ReligiousAffiliation,Nazarene,,,,
VF_PractitionerCountry,,NEBRASKA    ,,NEBRASKA    ,,USA,,United States of America,,,,
VF_VitalsSite,1,4688686,,NECK,,45048000,http://snomed.info/sct,Neck structure (body structure),match,,,
VF_PositiveNegative,,N,,NEGATIVE,,260385009,http://snomed.info/sct,Negative,match,,,
VF_PractitionerCountry,,NEVADA    ,,NEVADA    ,,USA,,United States of America,,,,
VF_MaritalStatus,,NEVER MARRIED,http://va.gov/terminology/vistaDefinedElements/2-.05,NEVER MARRIED,,S,http://terminology.hl7.org/CodeSystem/v3-MaritalStatus,Never Married,,,,
VF_Religion,,59,http://va.gov/terminology/vistaDefinedElements/2-.08,NEW AGE,,1033,http://terminology.hl7.org/CodeSystem/v3-ReligiousAffiliation,New Age,,,,
VF_PractitionerCountry,,NEW BRUNSWICK    ,,NEW BRUNSWICK    ,,CAN,,Canada,,,,
VF_PractitionerCountry,,NEW HAMPSHIRE    ,,NEW HAMPSHIRE    ,,USA,,United States of America,,,,
VF_immunizationPrimarySource,1,5197419,,NEW IMMUNIZATION RECORD,,true,,,match,,,
VF_PractitionerCountry,,NEW JERSEY    ,,NEW JERSEY    ,,USA,,United States of America,,,,
VF_PractitionerCountry,,NEW MEXICO    ,,NEW MEXICO    ,,USA,,United States of America,,,,
VF_PractitionerCountry,,NEW YORK    ,,NEW YORK    ,,USA,,United States of America,,,,
VF_PractitionerCountry,,NEWFOUNDLAND    ,,NEWFOUNDLAND    ,,CAN,,Canada,,,,
VF_Boolean,,0,,No,,FALSE,,,,,,
VF_DiagnosticReportLabStatus,,Y,,NO ORDER ON RECORD,,unknown,http://hl7.org/fhir/diagnostic-report-status,Unknown,,,,
VF_VitalsDevice,1,4688667,,NON RE-BREATHER,,427591007,http://snomed.info/sct,Nonrebreather oxygen mask (physical object),match,,,
VF_genderIdentity,1,B,,NON-BINARY,,other,http://hl7.org/fhir/administrative-gender,,broader,,,
VF_ImmunizationReaction,,0,http://va.gov/terminology/vistaDefinedElements/9000010.11-.06,NONE,,LA137-2,http://loinc.org,None,,,,
VF_VitalsMethod,1,4688668,,NON-INVASIVE (NONINVASIVE),,704042003,http://snomed.info/sct,Non-invasive cardiac output monitoring (regime/therapy),match,,,
VF_Religion,,60,http://va.gov/terminology/vistaDefinedElements/2-.08,NON-ROMAN CATHOLIC,,1034,http://terminology.hl7.org/CodeSystem/v3-ReligiousAffiliation,non-Roman Catholic,,,,
VF_SourceOfAdmission,,5B,,NON-VA HOSPITAL UNDER VA AUSPICES,,hosp-trans,http://terminology.hl7.org/CodeSystem/admit-source,,broader,,,
VF_OutMedRequestStatus,0,1,http://va.gov/terminology/vistaDefinedTerms/52-100,NON-VERIFIED,,draft,http://hl7.org/fhir/ValueSet/medicationrequest-status,draft,broader,,,
VF_SourceOfAdmission,,2A,,NON-VETERAN OTHER THAN MILITARY,,other,http://terminology.hl7.org/CodeSystem/admit-source,,broader,,,
VF_ExamResultInterpretation,,N,http://va.gov/terminology/vistaDefinedElements/9000010.15-.04,Normal,,N,http://terminology.hl7.org/CodeSystem/v3-ObservationInterpretation,Normal,,,,
VF_ImageInterpretation,,N,,NORMAL,,N,http://hl7.org/fhir/ValueSet/observation-interpretation,Normal,match,,,
VF_PractitionerCountry,,NORTH CAROLINA    ,,NORTH CAROLINA    ,,USA,,United States of America,,,,
VF_PractitionerCountry,,NORTH DAKOTA    ,,NORTH DAKOTA    ,,USA,,United States of America,,,,
VF_PractitionerCountry,,NORTHERN MARIANA ISLANDS    ,,NORTHERN MARIANA ISLANDS    ,,MNP,,Northern Mariana Islands,,,,
VF_PractitionerCountry,,NORTHWEST TERRITORIES    ,,NORTHWEST TERRITORIES    ,,CAN,,Canada,,,,
VF_ethnicityCategory,1,,,NOT HISPANIC OR LATINO,,2186-5,urn:oid:2.16.840.1.113883.6.238,,match,,,
VF_DiagnosticReportLabStatus,,R,,NOT VERIFIED,,preliminary,http://hl7.org/fhir/diagnostic-report-status,Preliminary,,,,
VF_PractitionerCountry,,NOVA SCOTIA    ,,NOVA SCOTIA    ,,CAN,,Canada,,,,
VF_PractitionerCountry,,NUNAVUT PROVINCE    ,,NUNAVUT PROVINCE    ,,CAN,,Canada,,,,
VF_SourceOfAdmission,,1T,,OBSERVATION AND EXAMINATION,,other,http://terminology.hl7.org/CodeSystem/admit-source,,broader,,,
VF_Religion,,61,http://va.gov/terminology/vistaDefinedElements/2-.08,OCCULT,,1035,http://terminology.hl7.org/CodeSystem/v3-ReligiousAffiliation,Occult,,,,
VF_PractitionerCountry,,OHIO    ,,OHIO    ,,USA,,United States of America,,,,
VF_PractitionerCountry,,OKLAHOMA    ,,OKLAHOMA    ,,USA,,United States of America,,,,
VF_SmokingStatus,,5316639,http://va.gov/terminology/vistaDefinedTerms/9999999.64,ONS RA MH CALMING ID-SMOKING,,77176002,http://snomed.info/sct,Smoker (finding),,Mapped values from VHIE Smoking Status effective 02/19/2019,,
VF_PractitionerCountry,,ONTARIO    ,,ONTARIO    ,,CAN,,Canada,,,,
VF_ExamStatus,,O,,OPEN,369.4-70 = NULL,registred,,,,,,
VF_ExamStatus,,O,,OPEN,396.4-70 != NULL,preliminary,,,,,,
VF_VitalsSite,1,4500642,,ORAL,,123851003,http://snomed.info/sct,Mouth region structure (body structure),match,,,
VF_DiagnosticReportLabStatus,,X,,ORDER CANCELED,,cancelled,http://hl7.org/fhir/diagnostic-report-status,Cancelled,,,,
VF_DiagnosticReportLabStatus,,O,,ORDER RECIEVED,,registered,http://hl7.org/fhir/diagnostic-report-status,Registered,,,,
VF_PractitionerCountry,,OREGON    ,,OREGON    ,,USA,,United States of America,,,,
VF_Religion,,62,http://va.gov/terminology/vistaDefinedElements/2-.08,ORTHODOX,,1036,http://terminology.hl7.org/CodeSystem/v3-ReligiousAffiliation,Orthodox,,,,
VF_genderIdentity,1,O,,OTHER,,other,http://hl7.org/fhir/administrative-gender,,match,,,
VF_ImmunizationReaction,,11,http://va.gov/terminology/vistaDefinedElements/9000010.11-.06,OTHER,,293104008,http://snomed.info/sct,Adverse reaction to component of vaccine product (disorder),,,,
VF_Religion,,22,http://va.gov/terminology/vistaDefinedElements/2-.08,OTHER,,OTH,http://terminology.hl7.org/CodeSystem/v3-NullFlavor,other,,,,
VF_SourceOfAdmission,,1M,,OTHER DIRECT,,other,http://terminology.hl7.org/CodeSystem/admit-source,,broader,,,
VF_SourceOfAdmission,,4R,,OTHER GOVERNMENT HOSP(NON FED) UNDER VA AUSPICES,,hosp-trans,http://terminology.hl7.org/CodeSystem/admit-source,,broader,,,
VF_encounterClass,1,0,,OUT,,AMB,http://terminology.hl7.org/CodeSystem/v3-ActCode,"	ambulatory",broader,,,
VF_SourceOfAdmission,,1P,,OUTPATIENT TREATMENT,,outp,http://terminology.hl7.org/CodeSystem/admit-source,,broader,,,
VF_deviceTypePacemaker,,P,,'P' FOR PSA ANALYZER;,,303476002,http://snomed.info/sct,Cardiovascular equipment (physical object),broader,Pacing System Analyzer. A more specific SNOMED code will be requested for the VA Extension,,
VF_Religion,,63,http://va.gov/terminology/vistaDefinedElements/2-.08,PAGANISM,,1037,http://terminology.hl7.org/CodeSystem/v3-ReligiousAffiliation,Paganism,,,,
VF_VitalsCodes,1,4500635,,PAIN,,72514-3,http://loinc.org,Pain severity - 0-10 verbal numeric rating [Score] - Reported,match,,,
VF_VitalsUnits,1,4500635,,PAIN,,<omit code>,,,match,,,
VF_PractitionerCountry,,PALAU    ,,PALAU    ,,PLW,,Palau,,,,
VF_VitalsMethod,1,4688669,,PALPATED,,113011001,http://snomed.info/sct,Palpation (procedure),match,,,
VF_VitalsDevice,1,4711338,,PARTIAL RE-BREATHER (PARTIAL REBREATHER),,425926003,http://snomed.info/sct,Partial rebreather oxygen mask (physical object),match,,,
VF_VitalsDevice,1,4711339,,PEDIATRIC CUFF,,67822003,http://snomed.info/sct,Child (person),match,,,
VF_VitalsDevice,1,4711340,,PENDANT CANNULA,,336623009,http://snomed.info/sct,Oxygen nasal cannula (physical object),match,,,
VF_PractitionerCountry,,PENNSYLVANIA    ,,PENNSYLVANIA    ,,USA,,United States of America,,,,
VF_Religion,,23,http://va.gov/terminology/vistaDefinedElements/2-.08,PENTECOSTAL,,1038,http://terminology.hl7.org/CodeSystem/v3-ReligiousAffiliation,Pentecostal,,,,
VF_VitalsSite,1,4688672,,PERIPHERAL,,54718008,http://snomed.info/sct,"Peripheral pulse, function (observable entity)",,"OE, not body structure",,
VF_problemVerificationStatus,1,P,,PERMANENT,,confirmed,http://terminology.hl7.org/CodeSystem/condition-ver-status,confirmed,,,,
VF_LocationStatus,,D,VAST,Permanently Deactivated,,inactive,http://hl7.org/fhir/location-status,Inactive,match,,,
VF_allergyMechanism,1,P,,PHARMACOLOGIC,,intolerance,http://hl7.org/fhir/allergy-intolerance-type,intolerance,match,,,
VF_PractitionerCountry,,PHILIPPINES    ,,PHILIPPINES    ,,PHL,,Phillipines,,,,
VF_LocationStatus,,P,VAST,Planned,,,http://hl7.org/fhir/location-status,,,There is no code for planned in FHIR,,
VF_immunizationStatusReason,1,,,PNEUMOCOCCAL REFUSED (HISTORICAL),,PATOBJ,http://terminology.hl7.org/CodeSystem/v3-ActReason,patient objection,broader,,,
VF_inferredCVX,1,,,PNEUMOCOCCAL REFUSED (HISTORICAL),,109, http://hl7.org/fhir/sid/cvx,,match,,,
VF_immunizationStatusReason,1,,,PNEUMOVAX CONTRAINDICATED (HISTORICAL),,MEDPREC,http://terminology.hl7.org/CodeSystem/v3-ActReason,medical precaution,broader,,,
VF_inferredCVX,1,,,PNEUMOVAX CONTRAINDICATED (HISTORICAL),,109, http://hl7.org/fhir/sid/cvx,,match,,,
VF_immunizationStatusReason,1,,,PNEUMOVAX DECLINED (HISTORICAL),,PATOBJ,http://terminology.hl7.org/CodeSystem/v3-ActReason,patient objection,broader,,,
VF_inferredCVX,1,,,PNEUMOVAX DECLINED (HISTORICAL),,109, http://hl7.org/fhir/sid/cvx,,match,,,
VF_immunizationStatusReason,1,,,PNEUMOVAX REFUSED (HISTORICAL),,PATOBJ,http://terminology.hl7.org/CodeSystem/v3-ActReason,patient objection,broader,,,
VF_inferredCVX,1,,,PNEUMOVAX REFUSED (HISTORICAL),,109, http://hl7.org/fhir/sid/cvx,,match,,,
VF_immunizationStatusReason,1,,,PNEUMOVAX REFUSED/DECLINED (HISTORICAL),,PATOBJ,http://terminology.hl7.org/CodeSystem/v3-ActReason,patient objection,broader,,,
VF_inferredCVX,1,,,PNEUMOVAX REFUSED/DECLINED (HISTORICAL),,109, http://hl7.org/fhir/sid/cvx,,match,,,
VF_inferredCVX,1,,,PNEUMOVAX-ALLERGY (HISTORICAL),,109, http://hl7.org/fhir/sid/cvx,,match,,,
VF_VitalsSite,1,4688673,,POPLITEAL,No laterality,43899006,http://snomed.info/sct,Structure of popliteal artery (body structure),match,,,
VF_VitalsSite,1,4688673,,POPLITEAL,Laterality Left,25885001,http://snomed.info/sct,Left popliteal artery structure (body structure),match,,,
VF_VitalsSite,1,4688673,,POPLITEAL,Laterality Right,57832007,http://snomed.info/sct,Structure of right popliteal artery (body structure),match,,,
VF_PositiveNegative,,P,,POSITIVE,,10828004,http://snomed.info/sct,Positive,match,,,
VF_VitalsSite,1,4688675,,POSTERIOR TIBIAL,No laterality,13363002,http://snomed.info/sct,Structure of posterior tibial artery (body structure),match,,,
VF_VitalsSite,1,4688675,,POSTERIOR TIBIAL,Laterality Left,214912001,http://snomed.info/sct,Structure of left posterior tibial artery (body structure),match,,,
VF_VitalsSite,1,4688675,,POSTERIOR TIBIAL,Laterality Right,214811007,http://snomed.info/sct,Structure of right posterior tibial artery (body structure),match,,,
VF_DiagnosticReportLabStatus,,P,,PRELIMINARY,,preliminary,http://hl7.org/fhir/diagnostic-report-status,Preliminary,,,,
VF_LabObservationStatus,,P,,PRELIMINARY REPORT,,preliminary,http://hl7.org/fhir/observation-status,Preliminary,,,,
VF_Religion,,6,http://va.gov/terminology/vistaDefinedElements/2-.08,PRESBYTERIAN,,1076,http://terminology.hl7.org/CodeSystem/v3-ReligiousAffiliation,Presbyterian,,,,
VF_SmokingStatus,,5316633,http://va.gov/terminology/vistaDefinedTerms/9999999.64,PREVIOUS SMOKER,,8517006,http://snomed.info/sct,Ex-smoker (finding),,Mapped values from VHIE Smoking Status effective 02/19/2019,,
VF_PractitionerCountry,,PRINCE EDWARD ISLAND    ,,PRINCE EDWARD ISLAND    ,,CAN,,Canada,,,,
VF_encounterProblemVerificationStatus,1,P,,PROBABLE,,unconfirmed,http://terminology.hl7.org/CodeSystem/condition-ver-status,,,,,
VF_ImageStatus,,PD,,PROBLEM DRAFT,,preliminary,http://hl7.org/fhir/ValueSet/observation-status,Preliminary,,,,
VF_ImageStatusRadNuc,,PD,,PROBLEM DRAFT,,preliminary,http://hl7.org/fhir/ValueSet/observation-status,Preliminary,,D' (Draft) status or 'PD' (Problem Draft) status refers to a report that is available only for display in the Rad/Nuc Med Department. A statement describing the problem to the interpreting physician is printed at the end of reports with the 'PD' status.,,
VF_DiagnosticReportLabStatus,,S,,PROCEDURE SCHEDULED,,registered,http://hl7.org/fhir/diagnostic-report-status,Registered,,,,
VF_Religion,,64,http://va.gov/terminology/vistaDefinedElements/2-.08,"PROCESS, THE",,1039,http://terminology.hl7.org/CodeSystem/v3-ReligiousAffiliation,"Process, The",,,,
VF_VitalsPosition,1,5335362,,PRONE,,1240000,http://snomed.info/sct,Prone body position (finding),match,,,
VF_Religion,,24,http://va.gov/terminology/vistaDefinedElements/2-.08,PROTESTANT,,1077,http://terminology.hl7.org/CodeSystem/v3-ReligiousAffiliation,Protestant,,,,
VF_Religion,,25,http://va.gov/terminology/vistaDefinedElements/2-.08,"PROTESTANT, NO DENOMINATION",,1078,http://terminology.hl7.org/CodeSystem/v3-ReligiousAffiliation,"Protestant, No Denomination",,,,
VF_OutMedRequestStatus,0,16,http://va.gov/terminology/vistaDefinedTerms/52-100,PROVIDER HOLD,,active,http://hl7.org/fhir/ValueSet/medicationrequest-status,active,broader,,,
VF_PractitionerCountry,,PUERTO RICO    ,,PUERTO RICO    ,,PRI,,Puerto Rico,,,,
VF_VitalsCodes,1,4500636,,PULSE,,8867-4,http://loinc.org,Heart rate,match,,,
VF_VitalsUnits,1,4500636,,PULSE,,/min,http://unitsofmeasure.org,/min,match,,BG,
VF_VitalsCodes,1,4500637,,PULSE OXIMETRY,,59408-5,http://loinc.org,Oxygen saturation in Arterial blood by Pulse oximetry,match,,BG,
VF_VitalsCodes,1,4500637,,PULSE OXIMETRY,,2708-6,http://loinc.org,Oxygen saturation in Arterial blood,match,,BG,
VF_VitalsUnits,1,4500637,,PULSE OXIMETRY,,%,http://unitsofmeasure.org,%,match,,BG,
VF_documentReferencedocStatus,,4501287,,PURGED,,<exclude record>,,,QUESTION,,BG,
VF_PractitionerCountry,,QUEBEC    ,,QUEBEC    ,,CAN,,Canada,,,BG,
VF_VitalsSite,1,4688676,,R ARM (RIGHT ARM),,6921000,http://snomed.info/sct,Structure of right upper limb (body structure),match,,BG,
VF_VitalsSite,1,4688677,,R LEG (RIGHT LEG),,62175007,http://snomed.info/sct,Structure of right lower limb (body structure),match,,BG,16-Dec-22
VF_VitalsSite,1,4688678,,RADIAL,No laterality,45631007,http://snomed.info/sct,Structure of radial artery (body structure),match,,BG,16-Dec-22
VF_VitalsSite,1,4688678,,RADIAL,Laterality Left,368504007,http://snomed.info/sct,Structure of left radial artery (body structure),match,,BG,16-Dec-22
VF_VitalsSite,1,4688678,,RADIAL,Laterality Right,368503001,http://snomed.info/sct,Structure of right radial artery (body structure),match,,BG,16-Dec-22
VF_ImmunizationReaction,,5,http://va.gov/terminology/vistaDefinedElements/9000010.11-.06,RASH OR ITCHING,,293104008,http://snomed.info/sct,Adverse reaction to component of vaccine product (disorder),,,BG,16-Dec-22
VF_VitalsSite,1,4688679,,RECTAL,,34402009,http://snomed.info/sct,Rectum structure (body structure),match,,BG,16-Dec-22
VF_SourceOfAdmission,,4U,,REFERRED BY NATIONAL SERV ORGAN (LOCAL OR REG),,other,http://terminology.hl7.org/CodeSystem/admit-source,,broader,,BG,16-Dec-22
VF_SourceOfAdmission,,4S,,REFERRED BY OUTPATIENT CLINIC,,outp,http://terminology.hl7.org/CodeSystem/admit-source,,broader,,BG,16-Dec-22
VF_SourceOfAdmission,,4T,,REFERRED BY WELFARE AGENCY(LOCAL OR REGIONAL),,other,http://terminology.hl7.org/CodeSystem/admit-source,,broader,,BG,16-Dec-22
VF_Religion,,26,http://va.gov/terminology/vistaDefinedElements/2-.08,REFORMED,,1079,http://terminology.hl7.org/CodeSystem/v3-ReligiousAffiliation,Reformed,,,MvdZ,15-Jan-23
VF_Religion,,65,http://va.gov/terminology/vistaDefinedElements/2-.08,REFORMED/PRESBYTERIAN,,1040,http://terminology.hl7.org/CodeSystem/v3-ReligiousAffiliation,Reformed/Presbyterian,,,MvdZ,15-Jan-23
VF_immunizationStatusReason,1,,,REFUSED FLU (HISTORICAL),,PATOBJ,http://terminology.hl7.org/CodeSystem/v3-ActReason,patient objection,broader,,MvdZ,15-Jan-23
VF_inferredCVX,1,,,REFUSED FLU (HISTORICAL),,88, http://hl7.org/fhir/sid/cvx,,match,,MvdZ,15-Jan-23
VF_immunizationStatusReason,1,,,REFUSED HPV VACCINE (HISTORICAL),,PATOBJ,http://terminology.hl7.org/CodeSystem/v3-ActReason,patient objection,broader,,,
VF_inferredCVX,1,,,REFUSED HPV VACCINE (HISTORICAL),,137, http://hl7.org/fhir/sid/cvx,,match,,,
VF_immunizationStatusReason,1,,,REFUSED INFLUENZA VACCINE (HISTORICAL),,PATOBJ,http://terminology.hl7.org/CodeSystem/v3-ActReason,patient objection,broader,,,
VF_inferredCVX,1,,,REFUSED INFLUENZA VACCINE (HISTORICAL),,88, http://hl7.org/fhir/sid/cvx,,match,,,
VF_immunizationStatusReason,1,,,REFUSED PNEUMOVAX (HISTORICAL),,PATOBJ,http://terminology.hl7.org/CodeSystem/v3-ActReason,patient objection,broader,,BG,06-Mar-23
VF_inferredCVX,1,,,REFUSED PNEUMOVAX (HISTORICAL),,109, http://hl7.org/fhir/sid/cvx,,match,,BG,06-Mar-23
VF_immunizationStatusReason,1,,,REFUSED TETANUS (HISTORICAL),,PATOBJ,http://terminology.hl7.org/CodeSystem/v3-ActReason,patient objection,broader,,BG,06-Mar-23
VF_inferredCVX,1,,,REFUSED TETANUS (HISTORICAL),,139, http://hl7.org/fhir/sid/cvx,,match,,BG,06-Mar-23
VF_immunizationStatusReason,1,,,REFUSED-INFLUENZA (HISTORICAL),,PATOBJ,http://terminology.hl7.org/CodeSystem/v3-ActReason,patient objection,broader,,BG,06-Mar-23
VF_inferredCVX,1,,,REFUSED-INFLUENZA (HISTORICAL),,88, http://hl7.org/fhir/sid/cvx,,match,,BG,06-Mar-23
VF_ImageStatus,,RNV,,RELEASED NOT VERIFIED,,preliminary,http://hl7.org/fhir/ValueSet/observation-status,Preliminary,,,BG,06-Mar-23
VF_ImageStatus,,ROV,,RELEASED OFF-LINE VERIFIED,,final,http://hl7.org/fhir/ValueSet/observation-status,Final,,,BG,06-Mar-23
VF_ImageStatus,,SROV,,RELEASED OFF-LINE VERIFIED OF SUPERSEDED,,amended,http://hl7.org/fhir/ValueSet/observation-status,Amended,,,BG,06-Mar-23
VF_ImageStatus,,RV,,RELEASED ON-LINE VERIFIED,,final,http://hl7.org/fhir/ValueSet/observation-status,Final,,,BG,06-Mar-23
VF_ImageStatus,,SRV,,RELEASED ON-LINE VERIFIED OF SUPERSEDED,,amended,http://hl7.org/fhir/ValueSet/observation-status,Amended,,,BG,06-Mar-23
VF_ImageStatusRadNuc,,R,,RELEASED/NOT VERIFIED,,preliminary,http://hl7.org/fhir/ValueSet/observation-status,Preliminary,,"R' (Released/Not Verified) status refers to a report that is not verified by the interpreting physician and is available for display outside the Rad/Nuc Med Department. The 'R' status is allowed only when the parameter that controls this feature, 'Allow Released/Unverified' of the 'RAD/NUC MED DIVISION' file (#79), is set to 'Yes'. ",BG,06-Mar-23
VF_DentalDeviceStatus,,1,http://va.gov/terminology/vistaDefinedTerms/228.9-.08,Removed,,inactive,http://hl7.org/fhir/ValueSet/device-status,Inactive,match,,BG,06-Mar-23
VF_SourceOfAdmission,,1R,,RESEARCH - VETERAN,,other,http://terminology.hl7.org/CodeSystem/admit-source,,broader,,,
VF_SourceOfAdmission,,1S,,RESEARCH NON-VETERAN,,other,http://terminology.hl7.org/CodeSystem/admit-source,,broader,,,
VF_VitalsDevice,1,4693051,,RESERVOIR CANNULA,,336623009,http://snomed.info/sct,Oxygen nasal cannula (physical object),match,,,
VF_AntibioticSensitivityInterpretation,,R,,Resistant,,R,http://terminology.hl7.org/CodeSystem/v3-ObservationInterpretation,Resistant,match,,,
VF_AntibioticSensitivityInterpretation,,Resistant,,Resistant,,R,http://terminology.hl7.org/CodeSystem/v3-ObservationInterpretation,Resistant,match,,,
VF_encounterProblemStatus,1,R,,RESOLVED,,resolved,http://terminology.hl7.org/CodeSystem/condition-clinical,resolved,match,,,
VF_VitalsCodes,1,4688725,,RESPIRATION,,9279-1,http://loinc.org,Respiratory rate,match,,,
VF_VitalsUnits,1,4688725,,RESPIRATION,,/min,http://unitsofmeasure.org,/min,match,,,
VF_ImmunizationReaction,,10,http://va.gov/terminology/vistaDefinedElements/9000010.11-.06,RESPIRATORY DISTRESS,,271825005,http://snomed.info/sct,Respiratory distress (finding),,,,
VF_documentReferencedocStatus,,4501288,,RETRACTED,,entered-in-error,,,broader,,,
VF_PractitionerCountry,,RHODE ISLAND    ,,RHODE ISLAND    ,,USA,,United States of America,,,,
VF_VitalsLaterality,1,4688680,,RIGHT,,85421007,http://snomed.info/sct,Structure of right half of body (body structure),match,,,
VF_VitalsPosition,1,5335364,,RIGHT LATERAL RECUMBENT,,102535000,http://snomed.info/sct,Right lateral decubitus position (finding),match,,,
VF_Religion,,0,http://va.gov/terminology/vistaDefinedElements/2-.08,ROMAN CATHOLIC CHURCH,,1041,http://terminology.hl7.org/CodeSystem/v3-ReligiousAffiliation,Roman Catholic Church,,,,
VF_VitalsMethod,1,4688681,,ROOM AIR,,15158005,http://snomed.info/sct,Air (substance),match,,,
VF_encounterProblemVerificationStatus,1,O,,RULE OUT,,differential,http://terminology.hl7.org/CodeSystem/condition-ver-status,,,,,
VF_Religion,,27,http://va.gov/terminology/vistaDefinedElements/2-.08,SALVATION ARMY,,1080,http://terminology.hl7.org/CodeSystem/v3-ReligiousAffiliation,Salvation Army,,,,
VF_PractitionerCountry,,SASKATCHEWAN    ,,SASKATCHEWAN    ,,CAN,,Canada,,,,
VF_Religion,,66,http://va.gov/terminology/vistaDefinedElements/2-.08,SATANISM,,1042,http://terminology.hl7.org/CodeSystem/v3-ReligiousAffiliation,Satanism,,,,
VF_Religion,,67,http://va.gov/terminology/vistaDefinedElements/2-.08,SCIENTOLOGY,,1043,http://terminology.hl7.org/CodeSystem/v3-ReligiousAffiliation,Scientology,,,,
VF_SourceOfAdmission,,4W,,SELF-WALKIN,,other,http://terminology.hl7.org/CodeSystem/admit-source,,broader,,,
VF_VitalsPosition,1,4688682,,SEMIFOWLERS,,426408003,http://snomed.info/sct,Semi-Fowler's position (finding),match,,,
VF_AntibioticSensitivityInterpretation,,S,,Sensitive,,S,http://terminology.hl7.org/CodeSystem/v3-ObservationInterpretation,Susceptible,match,,,
VF_AntibioticSensitivityInterpretation,,Sensitive,,Sensitive,,S,http://terminology.hl7.org/CodeSystem/v3-ObservationInterpretation,Susceptible,match,,,
VF_MaritalStatus,,SEPARATED,http://va.gov/terminology/vistaDefinedElements/2-.05,SEPARATED,,L,http://terminology.hl7.org/CodeSystem/v3-MaritalStatus,Legally Separated,,,,
VF_allergySeverity,1,3,,SEVERE,,severe,http://hl7.org/fhir/reaction-event-severity,,match,,,
VF_Religion,,68,http://va.gov/terminology/vistaDefinedElements/2-.08,SHAMANISM,,1044,http://terminology.hl7.org/CodeSystem/v3-ReligiousAffiliation,Shamanism,,,,
VF_Religion,,69,http://va.gov/terminology/vistaDefinedElements/2-.08,SHIITE (ISLAM),,1045,http://terminology.hl7.org/CodeSystem/v3-ReligiousAffiliation,Shiite (Islam),,,,
VF_Religion,,70,http://va.gov/terminology/vistaDefinedElements/2-.08,SHINTO,,1046,http://terminology.hl7.org/CodeSystem/v3-ReligiousAffiliation,Shinto,,,,
VF_Religion,,71,http://va.gov/terminology/vistaDefinedElements/2-.08,SIKISM,,1047,http://terminology.hl7.org/CodeSystem/v3-ReligiousAffiliation,Sikism,,,,
VF_VitalsPosition,1,4688703,,SITTING,,33586001,http://snomed.info/sct,Sitting position (finding),match,,,
VF_VitalsSite,1,4688704,,SKIN,,39937001,http://snomed.info/sct,Skin structure (body structure),match,,,
VF_VitalsDevice,1,4688705,,SM ADULT CUFF,,255507004,http://snomed.info/sct,Small (qualifier value),match,,,
VF_DiagnosticReportLabStatus,,A,,SOME RESULTS AVAILABLE,,partial,http://hl7.org/fhir/diagnostic-report-status,Partial,,,,
VF_PractitionerCountry,,SOUTH CAROLINA    ,,SOUTH CAROLINA    ,,USA,,United States of America,,,,
VF_PractitionerCountry,,SOUTH DAKOTA    ,,SOUTH DAKOTA    ,,USA,,United States of America,,,,
VF_DiagnosticReportLabStatus,,I,,SPECIMEN RECEIVED,,registered,http://hl7.org/fhir/diagnostic-report-status,Registered,,,,
VF_Religion,,72,http://va.gov/terminology/vistaDefinedElements/2-.08,SPIRITUALISM,,1048,http://terminology.hl7.org/CodeSystem/v3-ReligiousAffiliation,Spiritualism,,,,
VF_VitalsMethod,1,4688706,,SPONTANEOUS,,241700002,http://snomed.info/sct,Spontaneous respiration (finding),match,,,
VF_VitalsPosition,1,4688707,,STANDING,,10904000,http://snomed.info/sct,Orthostatic body position (finding),match,,,
VF_VitalsPosition,1,4500643,,STANDING WEIGHT,,10904000,http://snomed.info/sct,Orthostatic body position (finding),match,,,
VF_SourceOfAdmission,,1L,,STATE HOME (DOM OR NHC),,other,http://terminology.hl7.org/CodeSystem/admit-source,,broader,,,
VF_VitalsMethod,1,4688692,,STATED,,418799008,http://snomed.info/sct,Finding reported by subject or history provider (finding),match,,,
VF_Religion,,73,http://va.gov/terminology/vistaDefinedElements/2-.08,SUNNI (ISLAM),,1049,http://terminology.hl7.org/CodeSystem/v3-ReligiousAffiliation,Sunni (Islam),,,,
VF_ImageStatus,,S,,SUPERSEDED,,amended,http://hl7.org/fhir/ValueSet/observation-status,Amended,,,,
VF_encounterProblemVerificationStatus,1,S,,"SUSPECT, SUSPICIOUS",,provisional,http://terminology.hl7.org/CodeSystem/condition-ver-status,,,,,
VF_OutMedRequestStatus,0,5,http://va.gov/terminology/vistaDefinedTerms/52-100,SUSPENDED,,active,http://hl7.org/fhir/ValueSet/medicationrequest-status,active,broader,,,
VF_deviceTypePacemaker,,T,,'T' FOR TELEPHONE TRANSMITTER;,,706635000,http://snomed.info/sct,Telephone transmitter/receiver system (physical object),match,,,
VF_Religion,,74,http://va.gov/terminology/vistaDefinedElements/2-.08,TAOISM,,1050,http://terminology.hl7.org/CodeSystem/v3-ReligiousAffiliation,Taoism,,,,
VF_ImageInterpretation,,T,,TECHNICALLY UNSATISFACTORY,,IND,http://hl7.org/fhir/ValueSet/observation-interpretation,Indeterminate,match,'Technically Unsatifactory' is used with EKG/ECG but not ECHO,,
VF_VitalsCodes,1,4500638,,TEMPERATURE,,8310-5,http://loinc.org,Body temperature,match,,,
VF_VitalsUnits,1,4500638,,TEMPERATURE,,[degF],http://unitsofmeasure.org,[degF],match,,,
VF_VitalsSite,1,4537028,,TEMPORAL,,450721000,http://snomed.info/sct,Structure of temporal region (body structure),match,Laterality not modeled in SNOMED CT,,
VF_LocationStatus,,T,VAST,Temporarily Deactivated,,suspended,http://hl7.org/fhir/location-status,Suspended,match,,,
VF_PractitionerCountry,,TENNESSEE    ,,TENNESSEE    ,,USA,,United States of America,,,,
VF_documentReferencedocStatus,,4501289,,TEST,,<exclude record>,,,,,,
VF_immunizationStatusReason,1,,,TET TOX CONTRAINDICATED (HISTORICAL),,MEDPREC,http://terminology.hl7.org/CodeSystem/v3-ActReason,medical precaution,broader,,,
VF_inferredCVX,1,,,TET TOX CONTRAINDICATED (HISTORICAL),,139, http://hl7.org/fhir/sid/cvx,,match,,,
VF_immunizationStatusReason,1,,,TETANUS CONTRAINDICATED (HISTORICAL),,MEDPREC,http://terminology.hl7.org/CodeSystem/v3-ActReason,medical precaution,broader,,,
VF_inferredCVX,1,,,TETANUS CONTRAINDICATED (HISTORICAL),,139, http://hl7.org/fhir/sid/cvx,,match,,,
VF_immunizationStatusReason,1,,,TETANUS DIPHTHERIA-VACCINE NOT AVAILABLE (HISTORICAL),,OSTOCK,http://terminology.hl7.org/CodeSystem/v3-ActReason,product out of stock,broader,,,
VF_immunizationStatusReason,1,,,TETANUS REFUSED (HISTORICAL),,PATOBJ,http://terminology.hl7.org/CodeSystem/v3-ActReason,patient objection,broader,,,
VF_inferredCVX,1,,,TETANUS REFUSED (HISTORICAL),,139, http://hl7.org/fhir/sid/cvx,,match,,,
VF_PractitionerCountry,,TEXAS    ,,TEXAS    ,,USA,,United States of America,,,,
VF_Religion,,75,http://va.gov/terminology/vistaDefinedElements/2-.08,THERAVADA,,1051,http://terminology.hl7.org/CodeSystem/v3-ReligiousAffiliation,Theravada,,,,
VF_VitalsSite,1,4688708,,THIGH,No laterality,68367000,http://snomed.info/sct,Thigh structure (body structure),match,,,
VF_VitalsSite,1,4688708,,THIGH,Laterality Left,61396006,http://snomed.info/sct,Structure of left thigh (body structure),match,,,
VF_VitalsSite,1,4688708,,THIGH,Laterality Right,11207009,http://snomed.info/sct,Structure of right thigh (body structure),match,,,
VF_VitalsDevice,1,4688709,,THIGH CUFF,,118712001,http://snomed.info/sct,Procedure on thigh (procedure),match,,,
VF_VitalsCodes,1,4688726,,TONOMETRY,,28630-2,http://loinc.org,Tonometry study,match,,,
VF_VitalsUnits,1,4688726,,TONOMETRY,,<omit code>,,,match,,,
VF_VitalsDevice,1,4688710,,T-PIECE,,6097006,http://snomed.info/sct,"T-tube, device (physical object)",match,,,
VF_VitalsDevice,1,4688711,,TRACHEOSTOMY COLLAR,,465839001,http://snomed.info/sct,"Tracheostomy mask, oxygen (physical object)",match,,,
VF_SourceOfAdmission,,4E,,TRANS FROM DOM-DOM-CONT DOM SINCE 7/1/86 OR PRIOR,,other,http://terminology.hl7.org/CodeSystem/admit-source,,broader,,,
VF_SourceOfAdmission,,5D,,TRANS FROM NHCU-NHCU-CONT NH SINCE 7/1/86 OR PRIOR,,nursing,http://terminology.hl7.org/CodeSystem/admit-source,,broader,,,
VF_SourceOfAdmission,,3E,,TRANS FROM VAH-VAH-CONT HOS SINCE 7/1/86 OR PRIOR,,hosp-trans,http://terminology.hl7.org/CodeSystem/admit-source,,broader,,,
VF_SourceOfAdmission,,3D,,TRANS FROM VAMC TO MILITARY FAC. UNDER VA AUSP,,other,http://terminology.hl7.org/CodeSystem/admit-source,,broader,,,
VF_SourceOfAdmission,,6C,,TRANS IN FROM ANOTHER CNH UNDER VA AUSPICES,,nursing,http://terminology.hl7.org/CodeSystem/admit-source,,broader,,,
VF_SourceOfAdmission,,3C,,TRANS IN FROM ANY OTHER NON-VA HOSP UNDER VA AUSP,,hosp-trans,http://terminology.hl7.org/CodeSystem/admit-source,,broader,,,
VF_problemVerificationStatus,1,T,,TRANSCRIBED,,provisional,http://terminology.hl7.org/CodeSystem/condition-ver-status,provisional,,,,
VF_RadiologyProcedureStatus,,,,TRANSCRIBED,,in-progress,http://hl7.org/fhir/event-status,In Progress,,,,
VF_SourceOfAdmission,,6B,,TRANSFER IN FROM A VA NHCU,,nursing,http://terminology.hl7.org/CodeSystem/admit-source,,broader,,,
VF_SourceOfAdmission,,3A,,TRANSFER IN FROM ANOTHER VA HOSPITAL,,hosp-trans,http://terminology.hl7.org/CodeSystem/admit-source,,broader,,,
VF_SourceOfAdmission,,5E,,TRANSFER IN FROM ANOTHER VA NHCU,,nursing,http://terminology.hl7.org/CodeSystem/admit-source,,broader,,,
VF_SourceOfAdmission,,5F,,TRANSFER IN FROM COMMUNITY HOME UNDER VA AUSPICES,,other,http://terminology.hl7.org/CodeSystem/admit-source,,broader,,,
VF_SourceOfAdmission,,3B,,TRANSFER IN FROM OTH FED HOSP UNDER VA AUSP,,hosp-trans,http://terminology.hl7.org/CodeSystem/admit-source,,broader,,,
VF_genderIdentity,1,TF,,TRANSGENDER FEMALE,,other,http://hl7.org/fhir/administrative-gender,,broader,,,
VF_genderIdentity,1,TM,,TRANSGENDER MALE,,other,http://hl7.org/fhir/administrative-gender,,broader,,,
VF_VitalsMethod,1,4688683,,TRANSTRACHEAL,,426129001,http://snomed.info/sct,Transtracheal oxygen catheter (physical object),match,,,
VF_VitalsPosition,1,4688694,,TRENDELENBURG,,34106002,http://snomed.info/sct,Trendelenburg position (finding),match,,,
VF_VitalsSite,1,4688712,,TYMPANIC,No laterality,42859004,http://snomed.info/sct,Tympanic membrane structure (body structure),match,,,
VF_VitalsSite,1,4688712,,TYMPANIC,Laterality Left,726562006,http://snomed.info/sct,Structure of left tympanic membrane (body structure),match,,,
VF_VitalsSite,1,4688712,,TYMPANIC,Laterality Right,726563001,http://snomed.info/sct,Structure of right tympanic membrane (body structure),match,,,
VF_PractitionerCountry,,U.S. MINOR OUTLYING ISLANDS    ,,U.S. MINOR OUTLYING ISLANDS    ,,UMI,,U.S. Minor Outlying Islands,,,,
VF_VitalsSite,1,4688713,,ULNAR,No laterality,44984001,http://snomed.info/sct,Structure of ulnar artery (body structure),match,,,
VF_VitalsSite,1,4688713,,ULNAR,Laterality Left,368506009,http://snomed.info/sct,Structure of left ulnar artery (body structure),match,,,
VF_VitalsSite,1,4688713,,ULNAR,Laterality Right,368505008,http://snomed.info/sct,Structure of right ulnar artery (body structure),match,,,
VF_documentReferencedocStatus,,4501290,,UNCOSIGNED,,preliminary,,,broader,,,
VF_documentReferencedocStatus,,4501291,,UNDICTATED,,preliminary,,,broader,,,
VF_Religion,,28,http://va.gov/terminology/vistaDefinedElements/2-.08,UNITARIAN-UNIVERSALISM,,1052,http://terminology.hl7.org/CodeSystem/v3-ReligiousAffiliation,Unitarian-Universalism,,,,
VF_Religion,,7,http://va.gov/terminology/vistaDefinedElements/2-.08,UNITED CHURCH OF CHRIST,,1082,http://terminology.hl7.org/CodeSystem/v3-ReligiousAffiliation,United Church of Christ,,,,
VF_Religion,,76,http://va.gov/terminology/vistaDefinedElements/2-.08,UNIVERSAL LIFE CHURCH,,1053,http://terminology.hl7.org/CodeSystem/v3-ReligiousAffiliation,Universal Life Church,,,,
VF_MaritalStatus,,UNKNOWN,http://va.gov/terminology/vistaDefinedElements/2-.05,UNKNOWN,,UNK,http://terminology.hl7.org/CodeSystem/v3-NullFlavor,unknown,,,,
VF_ethnicityCategory,1,,,UNKNOWN BY PATIENT,,ASKU,http://terminology.hl7.org/CodeSystem/v3-NullFlavor,,broader,,,
VF_raceCategory,1,,,UNKNOWN BY PATIENT,,ASKU,http://terminology.hl7.org/CodeSystem/v3-NullFlavor,,broader,,,
VF_Religion,,29,http://va.gov/terminology/vistaDefinedElements/2-.08,UNKNOWN/NO PREFERENCE,,UNK,http://terminology.hl7.org/CodeSystem/v3-NullFlavor,unknown,,,,
VF_documentReferencedocStatus,,4696299,,UNRELEASED,,preliminary,,,broader,,,
VF_documentReferencedocStatus,,4501292,,UNSIGNED,,preliminary,,,broader,,,
VF_documentReferencedocStatus,,4501293,,UNTRANSCRIBED,,preliminary,,,broader,,,
VF_documentReferencedocStatus,,4501294,,UNVERIFIED,,preliminary,,,broader,,,
VF_VitalsSite,1,4688714,,UPPER ARM,No laterality,40983000,http://snomed.info/sct,Structure of upper extremity between shoulder and elbow (body structure),match,,,
VF_VitalsSite,1,4688714,,UPPER ARM,Laterality Left,368208006,http://snomed.info/sct,Left upper arm structure (body structure),match,,,
VF_VitalsSite,1,4688714,,UPPER ARM,Laterality Right,368209003,http://snomed.info/sct,Right upper arm structure (body structure),match,,,
VF_PractitionerCountry,,UTAH    ,,UTAH    ,,USA,,United States of America,,,,
VF_deviceTypePacemaker,,V,,'V' FOR V LEAD;,,360129009,http://snomed.info/sct,Cardiac pacemaker lead (physical object),broader,A more specific SNOMED code will be requested for the VA Extension,,
VF_immunizationStatusReason,1,,,V7-INFLUENZA NOT AVAILABLE (HISTORICAL),,OSTOCK,http://terminology.hl7.org/CodeSystem/v3-ActReason,product out of stock,broader,,,
VF_immunizationStatusReason,1,,,V7-PNEUMOVAX NOT AVAILABLE (HISTORICAL),,OSTOCK,http://terminology.hl7.org/CodeSystem/v3-ActReason,product out of stock,broader,,,
VF_SourceOfAdmission,,1E,,VA DOMICILLARY,,other,http://terminology.hl7.org/CodeSystem/admit-source,,broader,,,
VF_SourceOfAdmission,,5C,,VA DOMICILLARY,,other,http://terminology.hl7.org/CodeSystem/admit-source,,broader,,,
VF_SourceOfAdmission,,5A,,VA MEDICAL CENTER,,other,http://terminology.hl7.org/CodeSystem/admit-source,,broader,,,
VF_SourceOfAdmission,,1D,,VA NURSING HOME CARE UNIT,,nursing,http://terminology.hl7.org/CodeSystem/admit-source,,broader,,,
VF_Religion,,77,http://va.gov/terminology/vistaDefinedElements/2-.08,VAJRAYANA (TIBETAN),,1054,http://terminology.hl7.org/CodeSystem/v3-ReligiousAffiliation,Vajrayana (Tibetan),,,,
VF_Religion,,78,http://va.gov/terminology/vistaDefinedElements/2-.08,VEDA,,1055,http://terminology.hl7.org/CodeSystem/v3-ReligiousAffiliation,Veda,,,,
VF_VitalsDevice,1,4688715,,VENTILATOR,,40617009,http://snomed.info/sct,Artificial respiration (procedure),match,,,
VF_VitalsDevice,1,4688716,,VENTURI MASK,,465433006,http://snomed.info/sct,Venturi oxygen face mask (physical object),match,,,
VF_ImageStatusRadNuc,,V,,VERIFIED,,final,http://hl7.org/fhir/ValueSet/observation-status,Final,,"V' (Verified) status refers to a report that is verified by the interpreting physician and is available for display outside the Rad/Nuc Med Department to appropriate users, such as ward clerks, nurses, and physicians.",,
VF_allergyVerificationStatus,1,0,,VERIFIED - NO,,unconfirmed,http://terminology.hl7.org/CodeSystem/allergyintolerance-verification,unconfirmed,match,,,
VF_allergyVerificationStatus,1,1,,VERIFIED - YES,,confirmed,http://terminology.hl7.org/CodeSystem/allergyintolerance-verification,confirmed,match,,,
VF_PractitionerCountry,,VERMONT    ,,VERMONT    ,,USA,,United States of America,,,,
VF_PractitionerCountry,,VIRGIN ISLANDS    ,,VIRGIN ISLANDS    ,,VIR,,Virgin Islands,,,,
VF_PractitionerCountry,,VIRGINIA    ,,VIRGINIA    ,,USA,,United States of America,,,,
VF_VitalsCodes,1,4688727,,VISION CORRECTED,,70936-0,http://loinc.org,Vision testing Narrative,match,,,
VF_VitalsUnits,1,4688727,,VISION CORRECTED,,<omit code>,,,match,,,
VF_VitalsCodes,1,4688728,,VISION UNCORRECTED,,70936-0,http://loinc.org,Vision testing Narrative,match,,,
VF_VitalsUnits,1,4688728,,VISION UNCORRECTED,,<omit code>,,,match,,,
VF_ImmunizationReaction,,4,http://va.gov/terminology/vistaDefinedElements/9000010.11-.06,VOMITING,,422400008,http://snomed.info/sct,Vomiting (disorder),,,,
VF_Religion,,79,http://va.gov/terminology/vistaDefinedElements/2-.08,VOODOO,,1056,http://terminology.hl7.org/CodeSystem/v3-ReligiousAffiliation,Voodoo,,,,
VF_RadiologyProcedureStatus,,,,WAITING FOR EXAM,,preparation,http://hl7.org/fhir/event-status,Preparation,,,,
VF_PractitionerCountry,,WASHINGTON    ,,WASHINGTON    ,,USA,,United States of America,,,,
VF_VitalsCodes,1,4500639,,WEIGHT,,29463-7,http://loinc.org,Body weight,match,,,
VF_VitalsUnits,1,4500639,,WEIGHT,,[lb_av],http://unitsofmeasure.org,[lb_av],match,,,
VF_PractitionerCountry,,WEST VIRGINIA    ,,WEST VIRGINIA    ,,USA,,United States of America,,,,
VF_VitalsDevice,1,4688693,,WHEELCHAIR SCALE,,466532009,http://snomed.info/sct,Wheelchair scale (physical object),match,,,
VF_raceCategory,1,,,WHITE,,2106-3,urn:oid:2.16.840.1.113883.6.238,,match,,,
VF_raceCategory,1,,,WHITE NOT OF HISP ORIG,,2106-3,urn:oid:2.16.840.1.113883.6.238,,match,,,
VF_Religion,,80,http://va.gov/terminology/vistaDefinedElements/2-.08,WICCA,,1057,http://terminology.hl7.org/CodeSystem/v3-ReligiousAffiliation,Wicca,,,,
VF_MaritalStatus,,WIDOWED,http://va.gov/terminology/vistaDefinedElements/2-.05,WIDOWED,,W,http://terminology.hl7.org/CodeSystem/v3-MaritalStatus,Widowed,,,,
VF_PractitionerCountry,,WISCONSIN    ,,WISCONSIN    ,,USA,,United States of America,,,,
VF_VitalsMethod,1,4688699,,WITH ACTIVITY,,309604004,http://snomed.info/sct,During exercise (qualifier value),match,,,
VF_VitalsMethod,1,4536421,,WITH AMBULATION,,129006008,http://snomed.info/sct,Walking (observable entity),,"OE, not method",,
VF_VitalsMethod,1,4500992,,WITH CAST OR BRACE,,303474004,http://snomed.info/sct,Does not remove prosthesis (finding),match,,,
VF_VitalsMethod,1,4500993,,WITH PROSTHESIS,,303474004,http://snomed.info/sct,Does not remove prosthesis (finding),match,,,
VF_VitalsMethod,1,4500994,,WITHOUT PROSTHESIS,,303473005,http://snomed.info/sct,Does remove prosthesis (finding),match,,,
VF_VitalsSite,1,4688717,,WRIST,No laterality,8205005,http://snomed.info/sct,Wrist region structure (body structure),match,,,
VF_VitalsSite,1,4688717,,WRIST,Laterality Left,5951000,http://snomed.info/sct,Structure of left wrist region (body structure),match,,,
VF_VitalsSite,1,4688717,,WRIST,Laterality Right,9736006,http://snomed.info/sct,Structure of right wrist region (body structure),match,,,
VF_PractitionerCountry,,WYOMING    ,,WYOMING    ,,USA,,United States of America,,,,
VF_Religion,,81,http://va.gov/terminology/vistaDefinedElements/2-.08,YAOHUSHUA,,1058,http://terminology.hl7.org/CodeSystem/v3-ReligiousAffiliation,Yaohushua,,,,
VF_Boolean,,1,,Yes,,TRUE,,,,,,
VF_PractitionerCountry,,YUKON TERRITORY    ,,YUKON TERRITORY    ,,CAN,,Canada,,,,
VF_Religion,,31,http://va.gov/terminology/vistaDefinedElements/2-.08,ZEN BUDDHISM,,1059,http://terminology.hl7.org/CodeSystem/v3-ReligiousAffiliation,Zen Buddhism,,,,
VF_Religion,,82,http://va.gov/terminology/vistaDefinedElements/2-.08,ZOROASTRIANISM,,1060,http://terminology.hl7.org/CodeSystem/v3-ReligiousAffiliation,Zoroastrianism,,,,
VF_immunizationStatusReason,1,,,ZZPNEUMOCOCCAL REFUSED (HISTORICAL),,PATOBJ,http://terminology.hl7.org/CodeSystem/v3-ActReason,patient objection,broader,,,
VF_inferredCVX,1,,,ZZPNEUMOCOCCAL REFUSED (HISTORICAL),,109, http://hl7.org/fhir/sid/cvx,,match,,,
VF_CommunicationQualifier,,EM Electronic Mail,http://www.va.gov/Terminology/VistADefinedTerms/365.26-.04,,,email,urn:oid:2.16.840.1.113883.3.8901.3.1.3658026.8004,,,,,
VF_CommunicationQualifier,,FX Facsimile,http://www.va.gov/Terminology/VistADefinedTerms/365.26-.04,,,fax,urn:oid:2.16.840.1.113883.3.8901.3.1.3658026.8004,,,,,
VF_CommunicationQualifier,,TE Telephone,http://www.va.gov/Terminology/VistADefinedTerms/365.26-.04,,,phone,urn:oid:2.16.840.1.113883.3.8901.3.1.3658026.8004,,,,,
VF_CommunicationQualifier,,EX Telephone Extension,http://www.va.gov/Terminology/VistADefinedTerms/365.26-.04,,,phone,urn:oid:2.16.840.1.113883.3.8901.3.1.3658026.8004,,,,,
VF_CommunicationQualifier,,HP Home Phone Number,http://www.va.gov/Terminology/VistADefinedTerms/365.26-.04,,,phone/home,urn:oid:2.16.840.1.113883.3.8901.3.1.3658026.8004,,,,,
VF_CommunicationQualifier,,WP Work Phone Number,http://www.va.gov/Terminology/VistADefinedTerms/365.26-.04,,,phone/work,urn:oid:2.16.840.1.113883.3.8901.3.1.3658026.8004,,,,,
VF_CoverageRelationship,,HIPAA 18 SELF,,,,self,http://terminology.hl7.org/CodeSystem/subscriber-relationship,Self,,,,
VF_CoverageRelationship,,HIPAA 01 SPOUSE,,,,spouse,http://terminology.hl7.org/CodeSystem/subscriber-relationship,Spouse,,,,
VF_CoverageRelationship,,HIPAA 19 CHILD,,,,child,http://terminology.hl7.org/CodeSystem/subscriber-relationship,Child,,,,
VF_CoverageRelationship,,HIPAA 20 EMPLOYEE,,,,other,http://terminology.hl7.org/CodeSystem/subscriber-relationship,Other,,,,
VF_CoverageRelationship,,HIPAA 39 ORGAN DONOR,,,,other,http://terminology.hl7.org/CodeSystem/subscriber-relationship,Other,,,,
VF_CoverageRelationship,,HIPAA 41 INJURED PLAINTIFF,,,,injured,http://terminology.hl7.org/CodeSystem/subscriber-relationship,Injured Party,,,,
VF_CoverageRelationship,,HIPAA 32 MOTHER,,,,parent,http://terminology.hl7.org/CodeSystem/subscriber-relationship,Parent,,,,
VF_CoverageRelationship,,HIPAA 33 FATHER,,,,parent,http://terminology.hl7.org/CodeSystem/subscriber-relationship,Parent,,,,
VF_CoverageRelationship,,HIPAA 29 SIGNIFICANT OTHER,,,,other,http://terminology.hl7.org/CodeSystem/subscriber-relationship,Other,,,,
VF_CoverageRelationship,,HIPAA 53 LIFE PARTNER,,,,common,http://terminology.hl7.org/CodeSystem/subscriber-relationship,Common Law Spouse,,,,
VF_CoverageRelationship,,HIPAA G8 OTHER RELATIONSHIP,,,,other,http://terminology.hl7.org/CodeSystem/subscriber-relationship,Other,,,,
VF_CoverageStatusForce,,0' FOR NOT COVERED;,,,,FALSE,,,,,,
VF_CoverageStatusForce,,1' FOR COVERED;,,,,TRUE,,,,,,
VF_CoverageStatusForce,,2' FOR CONDITIONAL COVERAGE;,,,,TRUE,,,,,,
VF_LabInterpretation,,H,,,,H,http://terminology.hl7.org/CodeSystem/v3-ObservationInterpretation,High,match,,,
VF_LabInterpretation,,L,,,,L,http://terminology.hl7.org/CodeSystem/v3-ObservationInterpretation,Low,match,,,
VF_LabInterpretation,,H*,,,,HH,http://terminology.hl7.org/CodeSystem/v3-ObservationInterpretation,Critical high,match,,,
VF_LabInterpretation,,L*,,,,LL,http://terminology.hl7.org/CodeSystem/v3-ObservationInterpretation,Critical low,match,,,
VF_OrganizationIdentifierType,,2U' FOR PAYER ID #;,http://www.va.gov/Terminology/VistADefinedTerms/36-6.01,,,INSTPAYER,urn:oid:2.16.840.1.113883.3.8901.3.1.36.68001,,,,,
VF_OrganizationIdentifierType,,FY' FOR CLAIM OFFICE #;,http://www.va.gov/Terminology/VistADefinedTerms/36-6.01,,,INSTOFFICE,urn:oid:2.16.840.1.113883.3.8901.3.1.36.68001,,,,,
VF_OrganizationIdentifierType,,NF' FOR NAIC CODE;,http://www.va.gov/Terminology/VistADefinedTerms/36-6.01,,,INSTNAIC,urn:oid:2.16.840.1.113883.3.8901.3.1.36.68001,,,,,
VF_OrganizationIdentifierType,,TJ' FOR FED TAXPAYER #;,http://www.va.gov/Terminology/VistADefinedTerms/36-6.01,,,INSTTAXPAYER,urn:oid:2.16.840.1.113883.3.8901.3.1.36.68001,,,,,
VF_OrganizationIdentifierType,,2U' FOR PAYER ID #;,http://www.va.gov/Terminology/VistADefinedTerms/36-6.01,,,PROFPAYER,urn:oid:2.16.840.1.113883.3.8901.3.1.36.68001,,,,,
VF_OrganizationIdentifierType,,FY' FOR CLAIM OFFICE #;,http://www.va.gov/Terminology/VistADefinedTerms/36-6.01,,,PROFOFFICE,urn:oid:2.16.840.1.113883.3.8901.3.1.36.68001,,,,,
VF_OrganizationIdentifierType,,NF' FOR NAIC CODE;,http://www.va.gov/Terminology/VistADefinedTerms/36-6.01,,,PROFNAIC,urn:oid:2.16.840.1.113883.3.8901.3.1.36.68001,,,,,
VF_OrganizationIdentifierType,,TJ' FOR FED TAXPAYER #;,http://www.va.gov/Terminology/VistADefinedTerms/36-6.01,,,PROFTAXPAYER,urn:oid:2.16.840.1.113883.3.8901.3.1.36.68001,,,,,
VF_PersonIdentifierType,,23,,,,pat,http://hl7.org/fhir/us/carin-bb/CodeSystem/C4BBIdentifierType,Account number,,,,
VF_PersonIdentifierType,,IG,,,,MB,http://terminology.hl7.org/CodeSystem/v2-0203,Member number,,,,
VF_PersonIdentifierType,,SY,,,,SS,http://terminology.hl7.org/CodeSystem/v2-0203,Social Security Number,,,,
VF_PharmacyPersonType,,001 = Cardholder,,,,self,http://terminology.hl7.org/CodeSystem/subscriber-relationship,Self,,,,
VF_PharmacyPersonType,,002 = Spouse,,,,spouse,http://terminology.hl7.org/CodeSystem/subscriber-relationship,Spouse,,,,
VF_PharmacyPersonType,,003 - 999 = Dependents and Others,,,,other,http://terminology.hl7.org/CodeSystem/subscriber-relationship,Other,,,,
VF_ProcedureCodeSystem,,CPT,,,,http://www.ama-assn.org/go/cpt,,,,,,
VF_ProcedureCodeSystem,,HCPCS,,,,urn:oid:2.16.840.1.113883.6.285,,,,,,
VF_ProcedureCodeSystem,,ICD-9-CM,,,,http://hl7.org/fhir/sid/icd-9-cm,,,,,,
VF_ProcedureCodeSystem,,NATIONAL DRUG CODE,,,,http://hl7.org/fhir/sid/ndc,,,,,,
VF_ProcedureCodeSystem,,MUTUALLY DEFINED,,,,urn:oid:2.16.840.1.113883.3.8901.3.1.3658002.18001,,,,,,
VF_YesNo10,,1,,,,Y,http://terminology.hl7.org/CodeSystem/v2-0532,,,,,
VF_YesNo10,,0,,,,N,http://terminology.hl7.org/CodeSystem/v2-0532,,,,,
Vista_NCPDPCoverageRelationship,,not specified,,,,,,,,,,
Vista_NCPDPCoverageRelationship,,cardholder,,,,self,,,,,,
Vista_NCPDPCoverageRelationship,,spouse,,,,spouse,,,,,,
Vista_NCPDPCoverageRelationship,,child,,,,child,,,,,,
Vista_NCPDPCoverageRelationship,,other,,,,other,,,,,,
VF_ICDCodingSystems,,ICD-10-CM,http://va.gov/terminology/vistaDefinedElements/80.4-.01,,,http://hl7.org/fhir/sid/icd-10-cm,,,match,,,
VF_ICDCodingSystems,,ICD-9-CM,http://va.gov/terminology/vistaDefinedElements/80.4-.01,,,http://hl7.org/fhir/sid/icd-9-cm,,,match,,,
VF_ICDCodingSystems,,ICD-9 Proc,http://va.gov/terminology/vistaDefinedElements/80.4-.01,,,,,,match,,,
VF_ICDCodingSystems,,ICD-10-PCS,http://va.gov/terminology/vistaDefinedElements/80.4-.01,,,http://www.cms.gov/Medicare/Coding/ICD10,,,match,,,
VF_LabObservationStatus,,NULL,,,,unknown,http://hl7.org/fhir/observation-status,Unknown,,,,
VF_AntibioticSensitivityInterpretation,,SYN-S,,,,SYN-S,http://terminology.hl7.org/CodeSystem/v3-ObservationInterpretation,Synergy - susceptible,match,,,
VF_AntibioticSensitivityInterpretation,,SYN-R,,,,SYN-R,http://terminology.hl7.org/CodeSystem/v3-ObservationInterpretation,Synergy - resistant,match,,,
VF_ExamStatus,,T,,,,,,,,,,
VF_OrderPatientClass,,I,http://va.gov/terminology/vistaDefinedElements/100-10,INPATIENT,,inpatient,http://terminology.hl7.org/CodeSystem/medicationrequest-category,Inpatient,match,,,
VF_OrderPatientClass,,O,http://va.gov/terminology/vistaDefinedElements/100-10,OUTPATIENT,,outpatient,http://terminology.hl7.org/CodeSystem/medicationrequest-category,Outpatient,match,,,
